sn,rowId,swNum,hwNum,systemUs,deviceUs,globalUs
CPBG1630011D,0,1,2,1788583127943517,1788583127776530,1788583127776559
CPBG1630011D,1,2,3,1788583127946296,1788583127809863,1788583127809893
CPBG1630011D,2,3,4,1788583127949019,1788583127843197,1788583127843228
CPBG1630011D,3,4,5,1788583127950926,1788583127876531,1788583127876562
CPBG1630011D,4,5,6,1788583127952850,1788583127909864,1788583127909895
CPBG1630011D,5,6,7,1788583127960277,1788583127943199,1788583127943230
CPBG1630011D,6,7,8,1788583127993676,1788583127976535,1788583127976566
CPBG1630011D,7,8,9,1788583128027143,1788583128009868,1788583128009899
CPBG1630011D,8,9,10,1788583128060623,1788583128043201,1788583128043231
CPBG1630011D,9,10,11,1788583128094162,1788583128076538,1788583128076568
CPBG1630011D,10,11,12,1788583128127267,1788583128109869,1788583128109900
CPBG1630011D,11,12,13,1788583128160598,1788583128143202,1788583128143233
CPBG1630011D,12,13,14,1788583128193661,1788583128176536,1788583128176566
CPBG1630011D,13,14,15,1788583128226990,1788583128209871,1788583128209900
CPBG1630011D,14,15,16,1788583128260583,1788583128243205,1788583128243234
CPBG1630011D,15,16,17,1788583128294134,1788583128276539,1788583128276564
CPBG1630011D,16,17,18,1788583128327143,1788583128309875,1788583128309898
CPBG1630011D,17,18,19,1788583128360588,1788583128343206,1788583128343227
CPBG1630011D,18,19,20,1788583128393847,1788583128376540,1788583128376558
CPBG1630011D,19,20,21,1788583128427439,1788583128409878,1788583128409892
CPBG1630011D,20,21,22,1788583128460645,1788583128443212,1788583128443222
CPBG1630011D,21,22,23,1788583128493824,1788583128476543,1788583128476549
CPBG1630011D,22,23,24,1788583128527286,1788583128509875,1788583128509875
CPBG1630011D,23,24,25,1788583128560837,1788583128543209,1788583128543205
CPBG1630011D,24,25,26,1788583128593932,1788583128576544,1788583128576535
CPBG1630011D,25,26,27,1788583128627000,1788583128609877,1788583128609864
CPBG1630011D,26,27,28,1788583128660843,1788583128643211,1788583128643192
CPBG1630011D,27,28,29,1788583128694110,1788583128676544,1788583128676521
CPBG1630011D,28,29,30,1788583128727252,1788583128709879,1788583128709851
CPBG1630011D,29,30,31,1788583128760456,1788583128743213,1788583128743180
CPBG1630011D,30,31,32,1788583128793947,1788583128776547,1788583128776508
CPBG1630011D,31,32,33,1788583128827364,1788583128809881,1788583128809839
CPBG1630011D,32,33,34,1788583128860348,1788583128843215,1788583128843168
CPBG1630011D,33,34,35,1788583128893686,1788583128876553,1788583128876502
CPBG1630011D,34,35,36,1788583128927008,1788583128909883,1788583128909827
CPBG1630011D,35,36,37,1788583128960471,1788583128943217,1788583128943159
CPBG1630011D,36,37,38,1788583128993806,1788583128976554,1788583128976492
CPBG1630011D,37,38,39,1788583129027159,1788583129009886,1788583129009821
CPBG1630011D,38,39,40,1788583129060654,1788583129043221,1788583129043155
CPBG1630011D,39,40,41,1788583129093997,1788583129076552,1788583129076484
CPBG1630011D,40,41,42,1788583129127275,1788583129109887,1788583129109819
CPBG1630011D,41,42,43,1788583129160455,1788583129143219,1788583129143149
CPBG1630011D,42,43,44,1788583129193677,1788583129176556,1788583129176486
CPBG1630011D,43,44,45,1788583129227119,1788583129209893,1788583129209823
CPBG1630011D,44,45,46,1788583129260475,1788583129243225,1788583129243155
CPBG1630011D,45,46,47,1788583129293794,1788583129276557,1788583129276487
CPBG1630011D,46,47,48,1788583129326988,1788583129309890,1788583129309820
CV3T561000H0,0,1,6,1788583129502684,1788583129307751,1788583129310013
CPBG1630011D,47,48,49,1788583129360331,1788583129343224,1788583129343154
CV3T561000H0,1,2,7,1788583129504604,1788583129341085,1788583129343348
CPBG1630011D,48,49,50,1788583129393860,1788583129376559,1788583129376490
CV3T561000H0,2,3,8,1788583129507378,1788583129374419,1788583129376684
CPBG1630011D,49,50,51,1788583129426995,1788583129409895,1788583129409825
CV3T561000H0,3,4,9,1788583129509309,1788583129407755,1788583129410021
CPBG1630011D,50,51,52,1788583129460328,1788583129443226,1788583129443156
CV3T561000H0,4,5,10,1788583129511216,1788583129441086,1788583129443352
CPBG1630011D,51,52,53,1788583129493661,1788583129476559,1788583129476489
CV3T561000H0,5,6,11,1788583129513135,1788583129474419,1788583129476687
CPBG1630011D,52,53,54,1788583129526998,1788583129509892,1788583129509822
CV3T561000H0,6,7,12,1788583129526668,1788583129507752,1788583129510021
CPBG1630011D,53,54,55,1788583129560324,1788583129543229,1788583129543160
CV3T561000H0,7,8,13,1788583129560163,1788583129541089,1788583129543359
CPBG1630011D,54,55,56,1788583129593668,1788583129576562,1788583129576492
CV3T561000H0,8,9,14,1788583129593638,1788583129574422,1788583129576692
CPBG1630011D,55,56,57,1788583129627012,1788583129609897,1788583129609827
CV3T561000H0,9,10,15,1788583129627176,1788583129607756,1788583129610027
CPBG1630011D,56,57,58,1788583129660329,1788583129643229,1788583129643160
CV3T561000H0,10,11,16,1788583129660319,1788583129641088,1788583129643361
CPBG1630011D,57,58,59,1788583129693695,1788583129676564,1788583129676495
CV3T561000H0,11,12,17,1788583129693680,1788583129674422,1788583129676697
CPBG1630011D,58,59,60,1788583129727020,1788583129709897,1788583129709828
CV3T561000H0,12,13,18,1788583129726830,1788583129707755,1788583129710031
CPBG1630011D,59,60,61,1788583129760348,1788583129743231,1788583129743161
CV3T561000H0,13,14,19,1788583129760304,1788583129741089,1788583129743364
CPBG1630011D,60,61,62,1788583129793686,1788583129776565,1788583129776493
CV3T561000H0,14,15,20,1788583129793507,1788583129774423,1788583129776699
CPBG1630011D,61,62,63,1788583129827002,1788583129809898,1788583129809826
CV3T561000H0,15,16,21,1788583129826681,1788583129807756,1788583129810033
CPBG1630011D,62,63,64,1788583129860333,1788583129843234,1788583129843160
CV3T561000H0,16,17,22,1788583129860032,1788583129841092,1788583129843371
CPBG1630011D,63,64,65,1788583129893652,1788583129876567,1788583129876490
CV3T561000H0,17,18,23,1788583129893493,1788583129874425,1788583129876705
CPBG1630011D,64,65,66,1788583129926976,1788583129909902,1788583129909821
CV3T561000H0,18,19,24,1788583129926696,1788583129907760,1788583129910040
CPBG1630011D,65,66,67,1788583129960460,1788583129943236,1788583129943151
CV3T561000H0,19,20,25,1788583129960334,1788583129941093,1788583129943374
CPBG1630011D,66,67,68,1788583129993813,1788583129976571,1788583129976483
CV3T561000H0,20,21,26,1788583129993520,1788583129974428,1788583129976709
CPBG1630011D,67,68,69,1788583130026994,1788583130009904,1788583130009812
CV3T561000H0,21,22,27,1788583130026952,1788583130007761,1788583130010041
CPBG1630011D,68,69,70,1788583130060314,1788583130043237,1788583130043139
CV3T561000H0,22,23,28,1788583130060160,1788583130041094,1788583130043374
CPBG1630011D,69,70,71,1788583130093676,1788583130076570,1788583130076467
CV3T561000H0,23,24,29,1788583130093611,1788583130074426,1788583130076708
CPBG1630011D,70,71,72,1788583130126996,1788583130109904,1788583130109797
CV3T561000H0,24,25,30,1788583130126817,1788583130107760,1788583130110042
CPBG1630011D,71,72,73,1788583130160334,1788583130143237,1788583130143124
CV3T561000H0,25,26,31,1788583130160285,1788583130141093,1788583130143377
CPBG1630011D,72,73,74,1788583130193800,1788583130176575,1788583130176458
CV3T561000H0,26,27,32,1788583130193708,1788583130174431,1788583130176718
CPBG1630011D,73,74,75,1788583130227088,1788583130209907,1788583130209783
CV3T561000H0,27,28,33,1788583130226876,1788583130207763,1788583130210054
CPBG1630011D,74,75,76,1788583130260453,1788583130243241,1788583130243112
CV3T561000H0,28,29,34,1788583130260154,1788583130241096,1788583130243390
CPBG1630011D,75,76,77,1788583130293670,1788583130276575,1788583130276442
CV3T561000H0,29,30,35,1788583130293494,1788583130274430,1788583130276727
CPBG1630011D,76,77,78,1788583130327117,1788583130309908,1788583130309769
CV3T561000H0,30,31,36,1788583130326700,1788583130307763,1788583130310065
CPBG1630011D,77,78,79,1788583130360336,1788583130343241,1788583130343096
CV3T561000H0,31,32,37,1788583130360023,1788583130341096,1788583130343403
CPBG1630011D,78,79,80,1788583130393802,1788583130376576,1788583130376427
CV3T561000H0,32,33,38,1788583130393486,1788583130374430,1788583130376743
CPBG1630011D,79,80,81,1788583130427110,1788583130409909,1788583130409755
CV3T561000H0,33,34,39,1788583130427086,1788583130407763,1788583130410080
CPBG1630011D,80,81,82,1788583130460413,1788583130443243,1788583130443086
CV3T561000H0,34,35,40,1788583130460150,1788583130441097,1788583130443420
CPBG1630011D,81,82,83,1788583130493745,1788583130476577,1788583130476416
CV3T561000H0,35,36,41,1788583130493526,1788583130474431,1788583130476759
CPBG1630011D,82,83,84,1788583130527006,1788583130509910,1788583130509744
CV3T561000H0,36,37,42,1788583130526693,1788583130507764,1788583130510098
CPBG1630011D,83,84,85,1788583130560324,1788583130543246,1788583130543077
CV3T561000H0,37,38,43,1788583130560033,1788583130541100,1788583130543440
CPBG1630011D,84,85,86,1788583130593782,1788583130576580,1788583130576408
CV3T561000H0,38,39,44,1788583130593516,1788583130574433,1788583130576779
CPBG1630011D,85,86,87,1788583130627249,1788583130609914,1788583130609740
CV3T561000H0,39,40,45,1788583130627015,1788583130607767,1788583130610120
CPBG1630011D,86,87,88,1788583130660446,1788583130643247,1788583130643072
CV3T561000H0,40,41,46,1788583130660176,1788583130641100,1788583130643457
CPBG1630011D,87,88,89,1788583130693666,1788583130676582,1788583130676406
CV3T561000H0,41,42,47,1788583130693863,1788583130674435,1788583130676798
CPBG1630011D,88,89,90,1788583130726985,1788583130709915,1788583130709739
CV3T561000H0,42,43,48,1788583130726949,1788583130707767,1788583130710136
CPBG1630011D,89,90,91,1788583130760465,1788583130743248,1788583130743071
CV3T561000H0,43,44,49,1788583130760032,1788583130741100,1788583130743473
CPBG1630011D,90,91,92,1788583130793788,1788583130776583,1788583130776406
CV3T561000H0,44,45,50,1788583130793513,1788583130774436,1788583130776814
CPBG1630011D,91,92,93,1788583130826996,1788583130809916,1788583130809740
CV3T561000H0,45,46,51,1788583130826822,1788583130807768,1788583130810151
CPBG1630011D,92,93,94,1788583130860441,1788583130843253,1788583130843079
CV3T561000H0,46,47,52,1788583130860283,1788583130841105,1788583130843491
CPBG1630011D,93,94,95,1788583130893810,1788583130876587,1788583130876413
CV3T561000H0,47,48,53,1788583130893506,1788583130874438,1788583130876828
CPBG1630011D,94,95,96,1788583130927016,1788583130909919,1788583130909746
CV3T561000H0,48,49,54,1788583130926860,1788583130907770,1788583130910163
CPBG1630011D,95,96,97,1788583130960432,1788583130943252,1788583130943080
CV3T561000H0,49,50,55,1788583130960169,1788583130941103,1788583130943498
