deviceIndex,streamType,hwTimestampUs,globalTimestampUs,sysTimestampUs
0,DEPTH,1787118256033664,1787118256036385,1787118256058444
0,DEPTH,1787118256078716,1787118256081427,1787118256103339
0,DEPTH,1787118256112068,1787118256114772,1787118256137076
0,DEPTH,1787118256145387,1787118256148084,1787118256169972
0,DEPTH,1787118256178723,1787118256181414,1787118256203486
0,DEPTH,1787118256212052,1787118256214736,1787118256237078
0,DEPTH,1787118256245389,1787118256248066,1787118256270023
0,DEPTH,1787118256278719,1787118256281389,1787118256303106
0,DEPTH,1787118256312065,1787118256314728,1787118256336590
0,DEPTH,1787118256345386,1787118256348042,1787118256369991
0,DEPTH,1787118256378723,1787118256381372,1787118256403480
0,DEPTH,1787118256412053,1787118256414695,1787118256436621
0,DEPTH,1787118256445391,1787118256448716,1787118256469970
0,DEPTH,1787118256445391,1787118256448716,1787118256503140
0,DEPTH,1787118256478727,1787118256482049,1787118256536443
0,DEPTH,1787118256545390,1787118256548707,1787118256569733
0,DEPTH,1787118256578738,1787118256582052,1787118256603259
0,DEPTH,1787118256612060,1787118256615371,1787118256636496
0,DEPTH,1787118256645393,1787118256648702,1787118256669759
0,DEPTH,1787118256678724,1787118256682030,1787118256703087
0,DEPTH,1787118256712074,1787118256715378,1787118256736581
0,DEPTH,1787118256745392,1787118256748693,1787118256769848
0,DEPTH,1787118256778726,1787118256782024,1787118256802943
0,DEPTH,1787118256812059,1787118256815355,1787118256836594
0,DEPTH,1787118256845395,1787118256848688,1787118256869832
0,DEPTH,1787118256878738,1787118256882029,1787118256903318
0,DEPTH,1787118256912062,1787118256915350,1787118256936526
0,DEPTH,1787118256945391,1787118256948676,1787118256969998
0,DEPTH,1787118256978724,1787118256982007,1787118257003148
0,DEPTH,1787118257012061,1787118257015341,1787118257036548
0,DEPTH,1787118257045396,1787118257048674,1787118257069761
0,DEPTH,1787118257078731,1787118257082006,1787118257103570
0,DEPTH,1787118257112063,1787118257115335,1787118257136649
0,DEPTH,1787118257145396,1787118257148666,1787118257170005
0,DEPTH,1787118257178726,1787118257181993,1787118257203212
0,DEPTH,1787118257212065,1787118257215329,1787118257236330
0,DEPTH,1787118257245395,1787118257248657,1787118257269824
0,DEPTH,1787118257278725,1787118257281984,1787118257303231
0,DEPTH,1787118257312061,1787118257315318,1787118257336820
0,DEPTH,1787118257345409,1787118257348663,1787118257369978
0,DEPTH,1787118257378727,1787118257381978,1787118257402973
0,DEPTH,1787118257378727,1787118257381978,1787118257436723
0,DEPTH,1787118257445399,1787118257448833,1787118257471317
0,DEPTH,1787118257445399,1787118257448833,1787118257503433
0,DEPTH,1787118257478735,1787118257482167,1787118257536732
0,DEPTH,1787118257545398,1787118257548827,1787118257569755
0,DEPTH,1787118257578730,1787118257582158,1787118257603399
0,DEPTH,1787118257612063,1787118257615489,1787118257636504
0,DEPTH,1787118257645396,1787118257648820,1787118257669836
0,DEPTH,1787118257678731,1787118257682154,1787118257703147
0,DEPTH,1787118257712063,1787118257715484,1787118257736573
0,DEPTH,1787118257745398,1787118257748818,1787118257769874
0,DEPTH,1787118257778732,1787118257782150,1787118257802973
0,DEPTH,1787118257812066,1787118257815483,1787118257836317
0,DEPTH,1787118257845398,1787118257848813,1787118257869745
0,DEPTH,1787118257878739,1787118257882152,1787118257902979
0,DEPTH,1787118257912067,1787118257915479,1787118257936742
0,DEPTH,1787118257945404,1787118257948814,1787118257969964
0,DEPTH,1787118257978742,1787118257982150,1787118258003208
0,DEPTH,1787118258012074,1787118258015481,1787118258036564
0,DEPTH,1787118258045405,1787118258048810,1787118258069917
0,DEPTH,1787118258045405,1787118258048810,1787118258103194
0,DEPTH,1787118258112067,1787118258115469,1787118258136557
0,DEPTH,1787118258145400,1787118258148801,1787118258169933
0,DEPTH,1787118258178734,1787118258182133,1787118258203334
0,DEPTH,1787118258212069,1787118258215467,1787118258236616
0,DEPTH,1787118258245402,1787118258248798,1787118258269889
0,DEPTH,1787118258245402,1787118258248798,1787118258303148
0,DEPTH,1787118258312074,1787118258315467,1787118258336741
0,DEPTH,1787118258345401,1787118258348792,1787118258369924
0,DEPTH,1787118258378747,1787118258382136,1787118258403170
0,DEPTH,1787118258412073,1787118258415461,1787118258436471
0,DEPTH,1787118258445402,1787118258448788,1787118258470018
0,DEPTH,1787118258478741,1787118258482476,1787118258503320
0,DEPTH,1787118258478741,1787118258482476,1787118258536947
0,DEPTH,1787118258545405,1787118258549140,1787118258569675
0,DEPTH,1787118258578737,1787118258582472,1787118258603124
0,DEPTH,1787118258612072,1787118258615807,1787118258636243
0,DEPTH,1787118258612072,1787118258615807,1787118258669861
0,DEPTH,1787118258645410,1787118258649145,1787118258703106
0,DEPTH,1787118258712089,1787118258715824,1787118258736554
0,DEPTH,1787118258745408,1787118258749143,1787118258769854
0,DEPTH,1787118258778736,1787118258782471,1787118258803096
0,DEPTH,1787118258812070,1787118258815805,1787118258836558
0,DEPTH,1787118258845409,1787118258849144,1787118258869883
0,DEPTH,1787118258878747,1787118258882482,1787118258903112
0,DEPTH,1787118258912077,1787118258915813,1787118258936243
0,DEPTH,1787118258945405,1787118258949141,1787118258969609
0,DEPTH,1787118258978741,1787118258982477,1787118259002927
0,DEPTH,1787118259012082,1787118259015818,1787118259036319
0,DEPTH,1787118259045404,1787118259049140,1787118259069604
0,DEPTH,1787118259078739,1787118259082475,1787118259102965
0,DEPTH,1787118259112073,1787118259115809,1787118259136415
0,DEPTH,1787118259145409,1787118259149145,1787118259169603
0,DEPTH,1787118259178742,1787118259182478,1787118259202973
0,DEPTH,1787118259212074,1787118259215811,1787118259236241
0,DEPTH,1787118259245410,1787118259249147,1787118259269628
0,DEPTH,1787118259278744,1787118259282481,1787118259302956
0,DEPTH,1787118259312075,1787118259315812,1787118259336257
0,DEPTH,1787118259345419,1787118259349156,1787118259369991
0,DEPTH,1787118259412086,1787118259415823,1787118259436534
0,DEPTH,1787118259412086,1787118259415823,1787118259469617
0,DEPTH,1787118259478746,1787118259482531,1787118259502932
0,DEPTH,1787118259512076,1787118259515861,1787118259536249
0,DEPTH,1787118259545412,1787118259549198,1787118259569735
0,DEPTH,1787118259578748,1787118259582534,1787118259603335
0,DEPTH,1787118259612082,1787118259615868,1787118259636226
0,DEPTH,1787118259645411,1787118259649198,1787118259669576
0,DEPTH,1787118259678744,1787118259682531,1787118259702914
0,DEPTH,1787118259712077,1787118259715864,1787118259736200
0,DEPTH,1787118259745413,1787118259749201,1787118259769548
0,DEPTH,1787118259778744,1787118259782532,1787118259802882
0,DEPTH,1787118259812076,1787118259815864,1787118259836266
0,DEPTH,1787118259845414,1787118259849202,1787118259869935
0,DEPTH,1787118259878756,1787118259882545,1787118259903058
0,DEPTH,1787118259912084,1787118259915873,1787118259936424
0,DEPTH,1787118259945422,1787118259949212,1787118259969516
0,DEPTH,1787118259978744,1787118259982534,1787118260002840
0,DEPTH,1787118259978744,1787118259982534,1787118260036442
0,DEPTH,1787118260045420,1787118260049210,1787118260069699
0,DEPTH,1787118260078750,1787118260082541,1787118260103049
0,DEPTH,1787118260112086,1787118260115877,1787118260136374
0,DEPTH,1787118260145416,1787118260149207,1787118260169508
0,DEPTH,1787118260178750,1787118260182542,1787118260202862
0,DEPTH,1787118260212081,1787118260215873,1787118260236189
0,DEPTH,1787118260245419,1787118260249211,1787118260269628
0,DEPTH,1787118260278749,1787118260282541,1787118260302889
0,DEPTH,1787118260312085,1787118260315878,1787118260336233
0,DEPTH,1787118260345417,1787118260349210,1787118260369532
0,DEPTH,1787118260378752,1787118260382545,1787118260403093
0,DEPTH,1787118260412082,1787118260415876,1787118260436313
0,DEPTH,1787118260445418,1787118260449212,1787118260469825
0,DEPTH,1787118260478755,1787118260482437,1787118260503043
0,DEPTH,1787118260512088,1787118260515770,1787118260536383
0,DEPTH,1787118260545418,1787118260549100,1787118260569556
0,DEPTH,1787118260578752,1787118260582434,1787118260602874
0,DEPTH,1787118260612085,1787118260615767,1787118260636225
0,DEPTH,1787118260645418,1787118260649100,1787118260669553
0,DEPTH,1787118260678753,1787118260682434,1787118260702899
0,DEPTH,1787118260712087,1787118260715769,1787118260736380
0,DEPTH,1787118260745419,1787118260749100,1787118260769649
0,DEPTH,1787118260778753,1787118260782434,1787118260802874
0,DEPTH,1787118260812087,1787118260815768,1787118260836256
0,DEPTH,1787118260845422,1787118260849103,1787118260869822
0,DEPTH,1787118260878766,1787118260882447,1787118260902859
0,DEPTH,1787118260912101,1787118260915782,1787118260936309
0,DEPTH,1787118260945423,1787118260949103,1787118260969601
0,DEPTH,1787118260978757,1787118260982437,1787118261003042
0,DEPTH,1787118261012089,1787118261015769,1787118261036295
0,COLOR,1787118256033722,1787118256036443,1787118256053124
0,COLOR,1787118256078773,1787118256081484,1787118256098539
0,COLOR,1787118256112125,1787118256114829,1787118256132382
0,COLOR,1787118256145445,1787118256148142,1787118256164899
0,COLOR,1787118256178780,1787118256181470,1787118256198129
0,COLOR,1787118256212110,1787118256214794,1787118256231624
0,COLOR,1787118256245447,1787118256248124,1787118256264997
0,COLOR,1787118256278777,1787118256281447,1787118256298320
0,COLOR,1787118256312122,1787118256314785,1787118256331472
0,COLOR,1787118256345444,1787118256348100,1787118256365047
0,COLOR,1787118256378781,1787118256381430,1787118256398315
0,COLOR,1787118256412111,1787118256414753,1787118256431491
0,COLOR,1787118256445449,1787118256448773,1787118256465093
0,COLOR,1787118256478784,1787118256482106,1787118256498739
0,COLOR,1787118256512111,1787118256515430,1787118256531500
0,COLOR,1787118256545447,1787118256548764,1787118256565199
0,COLOR,1787118256578796,1787118256582110,1787118256598438
0,COLOR,1787118256612118,1787118256615429,1787118256631518
0,COLOR,1787118256645450,1787118256648759,1787118256665119
0,COLOR,1787118256678782,1787118256682088,1787118256698468
0,COLOR,1787118256712132,1787118256715436,1787118256731577
0,COLOR,1787118256745450,1787118256748751,1787118256765218
0,COLOR,1787118256778784,1787118256782082,1787118256798234
0,COLOR,1787118256812117,1787118256815413,1787118256831632
0,COLOR,1787118256845452,1787118256848745,1787118256864889
0,COLOR,1787118256878796,1787118256882087,1787118256898253
0,COLOR,1787118256912120,1787118256915408,1787118256931516
0,COLOR,1787118256945448,1787118256948733,1787118256965161
0,COLOR,1787118256978782,1787118256982065,1787118256998235
0,COLOR,1787118257012119,1787118257015399,1787118257031567
0,COLOR,1787118257045453,1787118257048731,1787118257064897
0,COLOR,1787118257078789,1787118257082064,1787118257098171
0,COLOR,1787118257112121,1787118257115393,1787118257131497
0,COLOR,1787118257145454,1787118257148724,1787118257165035
0,COLOR,1787118257178784,1787118257182051,1787118257198124
0,COLOR,1787118257212122,1787118257215387,1787118257231500
0,COLOR,1787118257245453,1787118257248715,1787118257264794
0,COLOR,1787118257278783,1787118257282042,1787118257298132
0,COLOR,1787118257312119,1787118257315376,1787118257331681
0,COLOR,1787118257345467,1787118257348721,1787118257364775
0,COLOR,1787118257378785,1787118257382036,1787118257398213
0,COLOR,1787118257412123,1787118257415372,1787118257431474
0,COLOR,1787118257445456,1787118257448702,1787118257465158
0,COLOR,1787118257478793,1787118257482225,1787118257498126
0,COLOR,1787118257512120,1787118257515551,1787118257531725
0,COLOR,1787118257545455,1787118257548884,1787118257565200
0,COLOR,1787118257578788,1787118257582216,1787118257598414
0,COLOR,1787118257612121,1787118257615547,1787118257631785
0,COLOR,1787118257645454,1787118257648878,1787118257665213
0,COLOR,1787118257678789,1787118257682212,1787118257698397
0,COLOR,1787118257712121,1787118257715542,1787118257731724
0,COLOR,1787118257745455,1787118257748875,1787118257765234
0,COLOR,1787118257778790,1787118257782208,1787118257798429
0,COLOR,1787118257812124,1787118257815540,1787118257831461
0,COLOR,1787118257845456,1787118257848871,1787118257865044
0,COLOR,1787118257878796,1787118257882209,1787118257898355
0,COLOR,1787118257912124,1787118257915536,1787118257931991
0,COLOR,1787118257945462,1787118257948872,1787118257965464
0,COLOR,1787118257978800,1787118257982209,1787118257998714
0,COLOR,1787118258012132,1787118258015539,1787118258031758
0,COLOR,1787118258045462,1787118258048867,1787118258065051
0,COLOR,1787118258078791,1787118258082195,1787118258098640
0,COLOR,1787118258112125,1787118258115527,1787118258131848
0,COLOR,1787118258145458,1787118258148859,1787118258165560
0,COLOR,1787118258178792,1787118258182191,1787118258198576
0,COLOR,1787118258212127,1787118258215524,1787118258231761
0,COLOR,1787118258245459,1787118258248855,1787118258265121
0,COLOR,1787118258278792,1787118258282186,1787118258298612
0,COLOR,1787118258312132,1787118258315525,1787118258331780
0,COLOR,1787118258345459,1787118258348850,1787118258365017
0,COLOR,1787118258378805,1787118258382194,1787118258398330
0,COLOR,1787118258412131,1787118258415519,1787118258431754
0,COLOR,1787118258445460,1787118258448846,1787118258465072
0,COLOR,1787118258478799,1787118258482534,1787118258498525
0,COLOR,1787118258512129,1787118258515864,1787118258531707
0,COLOR,1787118258545463,1787118258549198,1787118258565056
0,COLOR,1787118258578795,1787118258582530,1787118258598402
0,COLOR,1787118258612130,1787118258615865,1787118258631737
0,COLOR,1787118258645467,1787118258649202,1787118258665088
0,COLOR,1787118258678816,1787118258682551,1787118258698412
0,COLOR,1787118258712147,1787118258715882,1787118258731866
0,COLOR,1787118258745466,1787118258749201,1787118258765094
0,COLOR,1787118258778794,1787118258782529,1787118258798413
0,COLOR,1787118258812127,1787118258815862,1787118258831864
0,COLOR,1787118258845466,1787118258849202,1787118258864877
0,COLOR,1787118258878805,1787118258882541,1787118258898200
0,COLOR,1787118258912135,1787118258915871,1787118258931975
0,COLOR,1787118258945463,1787118258949199,1787118258964987
0,COLOR,1787118258978799,1787118258982535,1787118258998133
0,COLOR,1787118259012140,1787118259015876,1787118259031998
0,COLOR,1787118259045462,1787118259049198,1787118259065042
0,COLOR,1787118259078797,1787118259082533,1787118259098356
0,COLOR,1787118259112131,1787118259115867,1787118259131782
0,COLOR,1787118259145467,1787118259149203,1787118259165168
0,COLOR,1787118259178799,1787118259182536,1787118259198539
0,COLOR,1787118259212132,1787118259215869,1787118259231722
0,COLOR,1787118259245467,1787118259249203,1787118259265039
0,COLOR,1787118259278801,1787118259282538,1787118259298587
0,COLOR,1787118259312132,1787118259315869,1787118259332164
0,COLOR,1787118259345477,1787118259349214,1787118259365160
0,COLOR,1787118259412143,1787118259415880,1787118259431535
0,COLOR,1787118259445464,1787118259449201,1787118259464940
0,COLOR,1787118259478804,1787118259482589,1787118259498092
0,COLOR,1787118259512133,1787118259515919,1787118259531688
0,COLOR,1787118259545469,1787118259549255,1787118259565000
0,COLOR,1787118259578806,1787118259582592,1787118259598492
0,COLOR,1787118259612139,1787118259615925,1787118259631786
0,COLOR,1787118259645469,1787118259649256,1787118259665292
0,COLOR,1787118259678802,1787118259682589,1787118259698457
0,COLOR,1787118259712135,1787118259715922,1787118259731782
0,COLOR,1787118259745471,1787118259749259,1787118259764875
0,COLOR,1787118259778802,1787118259782590,1787118259798112
0,COLOR,1787118259812134,1787118259815922,1787118259831622
0,COLOR,1787118259845472,1787118259849260,1787118259865075
0,COLOR,1787118259878813,1787118259882602,1787118259898312
0,COLOR,1787118259912142,1787118259915931,1787118259931713
0,COLOR,1787118259945480,1787118259949269,1787118259964880
0,COLOR,1787118259978801,1787118259982591,1787118259998177
0,COLOR,1787118260012138,1787118260015928,1787118260032227
0,COLOR,1787118260045478,1787118260049268,1787118260064922
0,COLOR,1787118260078807,1787118260082598,1787118260098361
0,COLOR,1787118260112143,1787118260115934,1787118260131532
0,COLOR,1787118260145473,1787118260149264,1787118260165076
0,COLOR,1787118260145473,1787118260149264,1787118260198314
0,COLOR,1787118260212139,1787118260215931,1787118260231862
0,COLOR,1787118260245477,1787118260249269,1787118260264781
0,COLOR,1787118260278806,1787118260282598,1787118260298293
0,COLOR,1787118260312143,1787118260315936,1787118260331432
0,COLOR,1787118260345475,1787118260349268,1787118260364787
0,COLOR,1787118260378809,1787118260382602,1787118260398801
0,COLOR,1787118260412140,1787118260415934,1787118260431949
0,COLOR,1787118260445476,1787118260449270,1787118260465078
0,COLOR,1787118260478813,1787118260482495,1787118260498274
0,COLOR,1787118260512146,1787118260515828,1787118260531586
0,COLOR,1787118260545475,1787118260549157,1787118260564875
0,COLOR,1787118260578810,1787118260582492,1787118260598216
0,COLOR,1787118260612143,1787118260615825,1787118260631887
0,COLOR,1787118260645476,1787118260649158,1787118260665334
0,COLOR,1787118260678811,1787118260682492,1787118260698688
0,COLOR,1787118260712144,1787118260715825,1787118260731886
0,COLOR,1787118260745476,1787118260749157,1787118260764993
0,COLOR,1787118260778810,1787118260782491,1787118260798453
0,COLOR,1787118260812144,1787118260815825,1787118260831744
0,COLOR,1787118260845480,1787118260849161,1787118260864856
0,COLOR,1787118260878824,1787118260882505,1787118260898276
0,COLOR,1787118260912159,1787118260915839,1787118260931800
0,COLOR,1787118260945481,1787118260949161,1787118260965275
0,COLOR,1787118260978814,1787118260982494,1787118260998673
0,COLOR,1787118261012146,1787118261015826,1787118261032030
1,DEPTH,1787118256033636,1787118256035238,1787118256058160
1,DEPTH,1787118256078687,1787118256080268,1787118256103333
1,DEPTH,1787118256112039,1787118256113605,1787118256136458
1,DEPTH,1787118256145359,1787118256146910,1787118256169792
1,DEPTH,1787118256178694,1787118256180229,1787118256203218
1,DEPTH,1787118256212024,1787118256213544,1787118256236448
1,DEPTH,1787118256245361,1787118256246865,1787118256269658
1,DEPTH,1787118256278691,1787118256280180,1787118256302870
1,DEPTH,1787118256312037,1787118256313510,1787118256336330
1,DEPTH,1787118256345359,1787118256346817,1787118256369550
1,DEPTH,1787118256378695,1787118256380137,1787118256403002
1,DEPTH,1787118256412025,1787118256413452,1787118256436795
1,DEPTH,1787118256445363,1787118256447990,1787118256470064
1,DEPTH,1787118256478699,1787118256481318,1787118256502938
1,DEPTH,1787118256512026,1787118256514638,1787118256536226
1,DEPTH,1787118256545362,1787118256547966,1787118256569944
1,DEPTH,1787118256578711,1787118256581308,1787118256603320
1,DEPTH,1787118256612033,1787118256614622,1787118256636861
1,DEPTH,1787118256645366,1787118256647948,1787118256669757
1,DEPTH,1787118256678697,1787118256681272,1787118256703814
1,DEPTH,1787118256712047,1787118256714614,1787118256736465
1,DEPTH,1787118256745365,1787118256747925,1787118256769766
1,DEPTH,1787118256778699,1787118256781251,1787118256803444
1,DEPTH,1787118256812033,1787118256814578,1787118256836809
1,DEPTH,1787118256845368,1787118256847906,1787118256869719
1,DEPTH,1787118256878711,1787118256881241,1787118256903246
1,DEPTH,1787118256912035,1787118256914558,1787118256936532
1,DEPTH,1787118256945364,1787118256947879,1787118256970033
1,DEPTH,1787118256978697,1787118256981205,1787118257003208
1,DEPTH,1787118257012035,1787118257014536,1787118257036506
1,DEPTH,1787118257045369,1787118257047862,1787118257069838
1,DEPTH,1787118257078705,1787118257081190,1787118257103462
1,DEPTH,1787118257112037,1787118257114515,1787118257136587
1,DEPTH,1787118257145370,1787118257147841,1787118257170074
1,DEPTH,1787118257178700,1787118257181163,1787118257203119
1,DEPTH,1787118257212038,1787118257214494,1787118257236607
1,DEPTH,1787118257245369,1787118257247818,1787118257269850
1,DEPTH,1787118257278699,1787118257281140,1787118257303020
1,DEPTH,1787118257312035,1787118257314469,1787118257336585
1,DEPTH,1787118257345383,1787118257347809,1787118257369778
1,DEPTH,1787118257378701,1787118257381120,1787118257403158
1,DEPTH,1787118257412039,1787118257414450,1787118257436311
1,DEPTH,1787118257445373,1787118257448601,1787118257469880
1,DEPTH,1787118257478710,1787118257481935,1787118257503161
1,DEPTH,1787118257512037,1787118257515259,1787118257536695
1,DEPTH,1787118257545372,1787118257548591,1787118257569740
1,DEPTH,1787118257578705,1787118257581922,1787118257603324
1,DEPTH,1787118257612037,1787118257615251,1787118257636524
1,DEPTH,1787118257645371,1787118257648582,1787118257669929
1,DEPTH,1787118257678706,1787118257681915,1787118257703092
1,DEPTH,1787118257712038,1787118257715244,1787118257736687
1,DEPTH,1787118257745372,1787118257748575,1787118257769838
1,DEPTH,1787118257778707,1787118257781908,1787118257803011
1,DEPTH,1787118257812041,1787118257815239,1787118257836437
1,DEPTH,1787118257845373,1787118257848568,1787118257869717
1,DEPTH,1787118257878714,1787118257881907,1787118257903243
1,DEPTH,1787118257912042,1787118257915232,1787118257936749
1,DEPTH,1787118257945379,1787118257948566,1787118257969914
1,DEPTH,1787118257978718,1787118257981902,1787118258003200
1,DEPTH,1787118258012049,1787118258015231,1787118258036794
1,DEPTH,1787118258045380,1787118258048559,1787118258069845
1,DEPTH,1787118258078709,1787118258081885,1787118258103409
1,DEPTH,1787118258112042,1787118258115216,1787118258136816
1,DEPTH,1787118258145376,1787118258148547,1787118258170010
1,DEPTH,1787118258178709,1787118258181877,1787118258203388
1,DEPTH,1787118258212045,1787118258215211,1787118258236414
1,DEPTH,1787118258245377,1787118258248540,1787118258270072
1,DEPTH,1787118258278710,1787118258281870,1787118258303239
1,DEPTH,1787118258312050,1787118258315207,1787118258336895
1,DEPTH,1787118258345377,1787118258348532,1787118258369756
1,DEPTH,1787118258378723,1787118258381875,1787118258403257
1,DEPTH,1787118258412049,1787118258415198,1787118258436375
1,DEPTH,1787118258445378,1787118258448786,1787118258471362
1,DEPTH,1787118258478717,1787118258482124,1787118258503175
1,DEPTH,1787118258512047,1787118258515453,1787118258536529
1,DEPTH,1787118258545381,1787118258548785,1787118258569657
1,DEPTH,1787118258578714,1787118258582117,1787118258602914
1,DEPTH,1787118258612049,1787118258615450,1787118258636268
1,DEPTH,1787118258645386,1787118258648786,1787118258669632
1,DEPTH,1787118258678735,1787118258682134,1787118258703125
1,DEPTH,1787118258712066,1787118258715463,1787118258736566
1,DEPTH,1787118258745385,1787118258748781,1787118258770050
1,DEPTH,1787118258778713,1787118258782107,1787118258803398
1,DEPTH,1787118258812046,1787118258815439,1787118258836241
1,DEPTH,1787118258845385,1787118258848777,1787118258869938
1,DEPTH,1787118258878724,1787118258882114,1787118258903132
1,DEPTH,1787118258912054,1787118258915443,1787118258936302
1,DEPTH,1787118258945383,1787118258948770,1787118258969569
1,DEPTH,1787118258978718,1787118258982104,1787118259002917
1,DEPTH,1787118259012059,1787118259015443,1787118259036688
1,DEPTH,1787118259045382,1787118259048765,1787118259069766
1,DEPTH,1787118259078717,1787118259082099,1787118259102929
1,DEPTH,1787118259112050,1787118259115430,1787118259136235
1,DEPTH,1787118259145386,1787118259148765,1787118259169603
1,DEPTH,1787118259178719,1787118259182097,1787118259203010
1,DEPTH,1787118259212052,1787118259215428,1787118259236287
1,DEPTH,1787118259245387,1787118259248762,1787118259269588
1,DEPTH,1787118259278721,1787118259282094,1787118259302929
1,DEPTH,1787118259312052,1787118259315424,1787118259336235
1,DEPTH,1787118259345397,1787118259348768,1787118259369910
1,DEPTH,1787118259412064,1787118259415432,1787118259436504
1,DEPTH,1787118259445384,1787118259448751,1787118259469603
1,DEPTH,1787118259478724,1787118259482446,1787118259503318
1,DEPTH,1787118259512054,1787118259515776,1787118259536477
1,DEPTH,1787118259545390,1787118259549112,1787118259569758
1,DEPTH,1787118259578727,1787118259582449,1787118259603198
1,DEPTH,1787118259612060,1787118259615782,1787118259636770
1,DEPTH,1787118259645389,1787118259649112,1787118259669795
1,DEPTH,1787118259678722,1787118259682445,1787118259703256
1,DEPTH,1787118259712056,1787118259715779,1787118259736618
1,DEPTH,1787118259745391,1787118259749114,1787118259769860
1,DEPTH,1787118259778723,1787118259782447,1787118259803143
1,DEPTH,1787118259812055,1787118259815779,1787118259836517
1,DEPTH,1787118259845393,1787118259849117,1787118259869707
1,DEPTH,1787118259845393,1787118259849117,1787118259903006
1,DEPTH,1787118259912063,1787118259915787,1787118259936760
1,DEPTH,1787118259945401,1787118259949126,1787118259969750
1,DEPTH,1787118259978723,1787118259982448,1787118260003051
1,DEPTH,1787118260012059,1787118260015784,1787118260036776
1,DEPTH,1787118260045399,1787118260049124,1787118260069637
1,DEPTH,1787118260078729,1787118260082454,1787118260102939
1,DEPTH,1787118260112065,1787118260115791,1787118260136413
1,DEPTH,1787118260145395,1787118260149121,1787118260169612
1,DEPTH,1787118260178729,1787118260182455,1787118260202983
1,DEPTH,1787118260212061,1787118260215787,1787118260236312
1,DEPTH,1787118260245399,1787118260249125,1787118260269709
1,DEPTH,1787118260278728,1787118260282455,1787118260302936
1,DEPTH,1787118260312064,1787118260315791,1787118260336448
1,DEPTH,1787118260345397,1787118260349124,1787118260369606
1,DEPTH,1787118260378731,1787118260382458,1787118260402978
1,DEPTH,1787118260412062,1787118260415789,1787118260436224
1,DEPTH,1787118260445398,1787118260449126,1787118260469844
1,DEPTH,1787118260478735,1787118260482597,1787118260503002
1,DEPTH,1787118260512068,1787118260515930,1787118260536480
1,DEPTH,1787118260545398,1787118260549261,1787118260569603
1,DEPTH,1787118260578733,1787118260582597,1787118260603209
1,DEPTH,1787118260612065,1787118260615929,1787118260636764
1,DEPTH,1787118260645399,1787118260649264,1787118260669949
1,DEPTH,1787118260678733,1787118260682599,1787118260703236
1,DEPTH,1787118260712067,1787118260715934,1787118260736619
1,DEPTH,1787118260745399,1787118260749266,1787118260769895
1,DEPTH,1787118260778733,1787118260782601,1787118260803331
1,DEPTH,1787118260812067,1787118260815936,1787118260836431
1,DEPTH,1787118260845403,1787118260849273,1787118260869894
1,DEPTH,1787118260878747,1787118260882617,1787118260903101
1,DEPTH,1787118260912082,1787118260915953,1787118260936521
1,DEPTH,1787118260945404,1787118260949276,1787118260969808
1,DEPTH,1787118260978737,1787118260982610,1787118261003326
1,DEPTH,1787118261012070,1787118261015943,1787118261036476
1,COLOR,1787118256033693,1787118256035295,1787118256053504
1,COLOR,1787118256078745,1787118256080326,1787118256098696
1,COLOR,1787118256112097,1787118256113663,1787118256131885
1,COLOR,1787118256145416,1787118256146966,1787118256165380
1,COLOR,1787118256178752,1787118256180287,1787118256198559
1,COLOR,1787118256212082,1787118256213601,1787118256231998
1,COLOR,1787118256245419,1787118256246923,1787118256265649
1,COLOR,1787118256278749,1787118256280237,1787118256298893
1,COLOR,1787118256312094,1787118256313567,1787118256331748
1,COLOR,1787118256345416,1787118256346873,1787118256365111
1,COLOR,1787118256378753,1787118256380195,1787118256398799
1,COLOR,1787118256412083,1787118256413509,1787118256432100
1,COLOR,1787118256445421,1787118256448048,1787118256465407
1,COLOR,1787118256478757,1787118256481376,1787118256498799
1,COLOR,1787118256512083,1787118256514695,1787118256533922
1,COLOR,1787118256545420,1787118256548024,1787118256565160
1,COLOR,1787118256578769,1787118256581366,1787118256598366
1,COLOR,1787118256612091,1787118256614680,1787118256631839
1,COLOR,1787118256645423,1787118256648005,1787118256665536
1,COLOR,1787118256678755,1787118256681330,1787118256698442
1,COLOR,1787118256712104,1787118256714671,1787118256731769
1,COLOR,1787118256745422,1787118256747982,1787118256765415
1,COLOR,1787118256778757,1787118256781309,1787118256798660
1,COLOR,1787118256812090,1787118256814635,1787118256831523
1,COLOR,1787118256845425,1787118256847962,1787118256865190
1,COLOR,1787118256878769,1787118256881299,1787118256898443
1,COLOR,1787118256912093,1787118256914616,1787118256931824
1,COLOR,1787118256945421,1787118256947936,1787118256965043
1,COLOR,1787118256978755,1787118256981263,1787118256998597
1,COLOR,1787118257012092,1787118257014592,1787118257031840
1,COLOR,1787118257045427,1787118257047920,1787118257065040
1,COLOR,1787118257078763,1787118257081248,1787118257098387
1,COLOR,1787118257112094,1787118257114572,1787118257131902
1,COLOR,1787118257145428,1787118257147899,1787118257165217
1,COLOR,1787118257178758,1787118257181221,1787118257198381
1,COLOR,1787118257212096,1787118257214552,1787118257231749
1,COLOR,1787118257245427,1787118257247875,1787118257265081
1,COLOR,1787118257278756,1787118257281197,1787118257298578
1,COLOR,1787118257312092,1787118257314525,1787118257331845
1,COLOR,1787118257345441,1787118257347867,1787118257365115
1,COLOR,1787118257378759,1787118257381178,1787118257398115
1,COLOR,1787118257412097,1787118257414508,1787118257431472
1,COLOR,1787118257445431,1787118257448659,1787118257465276
1,COLOR,1787118257478767,1787118257481992,1787118257498171
1,COLOR,1787118257512094,1787118257515316,1787118257531469
1,COLOR,1787118257545430,1787118257548650,1787118257564839
1,COLOR,1787118257578762,1787118257581979,1787118257598085
1,COLOR,1787118257612095,1787118257615309,1787118257631491
1,COLOR,1787118257645428,1787118257648639,1787118257664813
1,COLOR,1787118257678763,1787118257681972,1787118257698085
1,COLOR,1787118257712096,1787118257715302,1787118257731455
1,COLOR,1787118257745430,1787118257748633,1787118257764902
1,COLOR,1787118257778764,1787118257781965,1787118257798191
1,COLOR,1787118257812099,1787118257815297,1787118257831460
1,COLOR,1787118257845431,1787118257848626,1787118257864955
1,COLOR,1787118257878771,1787118257881964,1787118257898094
1,COLOR,1787118257912099,1787118257915289,1787118257931740
1,COLOR,1787118257945437,1787118257948624,1787118257965349
1,COLOR,1787118257978775,1787118257981960,1787118257998431
1,COLOR,1787118258012107,1787118258015289,1787118258031508
1,COLOR,1787118258045438,1787118258048617,1787118258064751
1,COLOR,1787118258078766,1787118258081942,1787118258098550
1,COLOR,1787118258112100,1787118258115274,1787118258131562
1,COLOR,1787118258145434,1787118258148605,1787118258165209
1,COLOR,1787118258178767,1787118258181935,1787118258198245
1,COLOR,1787118258212103,1787118258215268,1787118258231489
1,COLOR,1787118258245435,1787118258248598,1787118258264762
1,COLOR,1787118258278768,1787118258281928,1787118258298305
1,COLOR,1787118258312108,1787118258315265,1787118258331435
1,COLOR,1787118258345435,1787118258348589,1787118258364881
1,COLOR,1787118258378781,1787118258381933,1787118258398121
1,COLOR,1787118258412107,1787118258415256,1787118258431887
1,COLOR,1787118258445436,1787118258448582,1787118258464752
1,COLOR,1787118258478775,1787118258482182,1787118258498294
1,COLOR,1787118258512105,1787118258515510,1787118258531491
1,COLOR,1787118258545439,1787118258548843,1787118258564848
1,COLOR,1787118258578771,1787118258582174,1787118258598158
1,COLOR,1787118258612106,1787118258615507,1787118258631514
1,COLOR,1787118258645444,1787118258648844,1787118258665094
1,COLOR,1787118258678792,1787118258682191,1787118258698226
1,COLOR,1787118258712124,1787118258715521,1787118258731442
1,COLOR,1787118258745443,1787118258748839,1787118258764807
1,COLOR,1787118258778770,1787118258782164,1787118258798109
1,COLOR,1787118258812104,1787118258815497,1787118258831875
1,COLOR,1787118258845443,1787118258848835,1787118258865159
1,COLOR,1787118258878782,1787118258882172,1787118258898266
1,COLOR,1787118258912112,1787118258915501,1787118258931578
1,COLOR,1787118258945440,1787118258948827,1787118258965170
1,COLOR,1787118258978776,1787118258982162,1787118258998231
1,COLOR,1787118259012117,1787118259015502,1787118259031548
1,COLOR,1787118259045439,1787118259048822,1787118259064910
1,COLOR,1787118259078774,1787118259082156,1787118259098056
1,COLOR,1787118259112108,1787118259115488,1787118259131650
1,COLOR,1787118259145444,1787118259148823,1787118259164885
1,COLOR,1787118259178777,1787118259182155,1787118259198189
1,COLOR,1787118259212110,1787118259215486,1787118259231503
1,COLOR,1787118259245445,1787118259248820,1787118259264768
1,COLOR,1787118259278779,1787118259282152,1787118259298207
1,COLOR,1787118259312110,1787118259315482,1787118259331894
1,COLOR,1787118259345455,1787118259348826,1787118259365287
1,COLOR,1787118259412121,1787118259415489,1787118259431585
1,COLOR,1787118259445441,1787118259448807,1787118259465125
1,COLOR,1787118259478782,1787118259482504,1787118259498094
1,COLOR,1787118259512112,1787118259515834,1787118259531583
1,COLOR,1787118259545448,1787118259549170,1787118259564770
1,COLOR,1787118259578784,1787118259582506,1787118259598450
1,COLOR,1787118259612118,1787118259615840,1787118259631784
1,COLOR,1787118259645447,1787118259649170,1787118259665296
1,COLOR,1787118259678780,1787118259682503,1787118259698407
1,COLOR,1787118259712114,1787118259715837,1787118259731842
1,COLOR,1787118259745449,1787118259749172,1787118259765189
1,COLOR,1787118259778780,1787118259782503,1787118259798383
1,COLOR,1787118259812113,1787118259815837,1787118259831568
1,COLOR,1787118259845451,1787118259849175,1787118259864928
1,COLOR,1787118259878792,1787118259882516,1787118259898161
1,COLOR,1787118259912121,1787118259915845,1787118259931752
1,COLOR,1787118259945459,1787118259949184,1787118259965128
1,COLOR,1787118259978780,1787118259982505,1787118259998746
1,COLOR,1787118260012117,1787118260015842,1787118260031691
1,COLOR,1787118260045457,1787118260049182,1787118260065314
1,COLOR,1787118260078787,1787118260082512,1787118260098488
1,COLOR,1787118260112123,1787118260115848,1787118260131737
1,COLOR,1787118260145453,1787118260149179,1787118260165089
1,COLOR,1787118260178787,1787118260182513,1787118260198432
1,COLOR,1787118260212118,1787118260215844,1787118260232279
1,COLOR,1787118260245456,1787118260249182,1787118260265196
1,COLOR,1787118260278786,1787118260282513,1787118260298653
1,COLOR,1787118260312122,1787118260315849,1787118260331679
1,COLOR,1787118260345455,1787118260349182,1787118260365091
1,COLOR,1787118260378789,1787118260382516,1787118260398308
1,COLOR,1787118260412120,1787118260415848,1787118260431764
1,COLOR,1787118260445456,1787118260449183,1787118260465279
1,COLOR,1787118260478793,1787118260482654,1787118260498528
1,COLOR,1787118260512126,1787118260515988,1787118260531871
1,COLOR,1787118260545455,1787118260549318,1787118260564999
1,COLOR,1787118260578790,1787118260582654,1787118260598226
1,COLOR,1787118260612123,1787118260615987,1787118260631858
1,COLOR,1787118260645456,1787118260649321,1787118260665462
1,COLOR,1787118260678791,1787118260682657,1787118260698534
1,COLOR,1787118260712125,1787118260715992,1787118260732029
1,COLOR,1787118260745457,1787118260749324,1787118260764985
1,COLOR,1787118260778791,1787118260782659,1787118260798424
1,COLOR,1787118260812125,1787118260815994,1787118260831993
1,COLOR,1787118260845460,1787118260849330,1787118260865026
1,COLOR,1787118260878804,1787118260882674,1787118260898298
1,COLOR,1787118260912139,1787118260916010,1787118260931933
1,COLOR,1787118260945462,1787118260949334,1787118260965252
1,COLOR,1787118260978795,1787118260982668,1787118260998588
1,COLOR,1787118261012127,1787118261016000,1787118261031718
2,DEPTH,1787118256050141,1787118256045365,1787118256068409
2,DEPTH,1787118256083472,1787118256078670,1787118256101400
2,DEPTH,1787118256116824,1787118256111996,1787118256135130
2,DEPTH,1787118256150144,1787118256145289,1787118256168324
2,DEPTH,1787118256183480,1787118256178599,1787118256201695
2,DEPTH,1787118256216810,1787118256211903,1787118256235198
2,DEPTH,1787118256250147,1787118256245213,1787118256268497
2,DEPTH,1787118256283477,1787118256278517,1787118256301673
2,DEPTH,1787118256316823,1787118256311837,1787118256335314
2,DEPTH,1787118256350145,1787118256345132,1787118256368250
2,DEPTH,1787118256383482,1787118256378443,1787118256401738
2,DEPTH,1787118256416812,1787118256413876,1787118256434926
2,DEPTH,1787118256450151,1787118256447204,1787118256468114
2,DEPTH,1787118256483487,1787118256480529,1787118256501679
2,DEPTH,1787118256516813,1787118256513844,1787118256534935
2,DEPTH,1787118256550150,1787118256547169,1787118256568572
2,DEPTH,1787118256583499,1787118256580507,1787118256601332
2,DEPTH,1787118256616821,1787118256613818,1787118256635015
2,DEPTH,1787118256650154,1787118256647140,1787118256668311
2,DEPTH,1787118256683486,1787118256680460,1787118256701768
2,DEPTH,1787118256716836,1787118256713800,1787118256735125
2,DEPTH,1787118256750154,1787118256747106,1787118256768318
2,DEPTH,1787118256783489,1787118256780430,1787118256801575
2,DEPTH,1787118256816822,1787118256813752,1787118256834889
2,DEPTH,1787118256850158,1787118256847077,1787118256868307
2,DEPTH,1787118256883501,1787118256880408,1787118256901660
2,DEPTH,1787118256916826,1787118256913722,1787118256934989
2,DEPTH,1787118256950155,1787118256947040,1787118256968412
2,DEPTH,1787118256983113,1787118256979987,1787118257001364
2,DEPTH,1787118257016833,1787118257013695,1787118257034993
2,DEPTH,1787118257050168,1787118257047019,1787118257068445
2,DEPTH,1787118257083504,1787118257080344,1787118257101670
2,DEPTH,1787118257116835,1787118257113664,1787118257134990
2,DEPTH,1787118257150169,1787118257146987,1787118257168333
2,DEPTH,1787118257183499,1787118257180305,1787118257201629
2,DEPTH,1787118257216838,1787118257213633,1787118257235018
2,DEPTH,1787118257250169,1787118257246953,1787118257268283
2,DEPTH,1787118257283499,1787118257280272,1787118257301535
2,DEPTH,1787118257316835,1787118257313597,1787118257334646
2,DEPTH,1787118257350184,1787118257346934,1787118257368180
2,DEPTH,1787118257383502,1787118257380241,1787118257401584
2,DEPTH,1787118257416840,1787118257414417,1787118257435100
2,DEPTH,1787118257450174,1787118257447745,1787118257468074
2,DEPTH,1787118257483511,1787118257481076,1787118257501614
2,DEPTH,1787118257516838,1787118257514397,1787118257535019
2,DEPTH,1787118257550174,1787118257547727,1787118257568067
2,DEPTH,1787118257583506,1787118257581052,1787118257601719
2,DEPTH,1787118257616840,1787118257614380,1787118257635063
2,DEPTH,1787118257650173,1787118257647707,1787118257668328
2,DEPTH,1787118257683508,1787118257681036,1787118257701581
2,DEPTH,1787118257716841,1787118257714363,1787118257735145
2,DEPTH,1787118257750175,1787118257747691,1787118257768359
2,DEPTH,1787118257783510,1787118257781020,1787118257801689
2,DEPTH,1787118257816844,1787118257814348,1787118257835067
2,DEPTH,1787118257850177,1787118257847675,1787118257868311
2,DEPTH,1787118257883518,1787118257881010,1787118257901702
2,DEPTH,1787118257916846,1787118257914332,1787118257935137
2,DEPTH,1787118257950184,1787118257947664,1787118257968777
2,DEPTH,1787118257983522,1787118257980996,1787118258001714
2,DEPTH,1787118258016854,1787118258014321,1787118258035071
2,DEPTH,1787118258050185,1787118258047646,1787118258068254
2,DEPTH,1787118258083514,1787118258080969,1787118258101726
2,DEPTH,1787118258116848,1787118258114297,1787118258135042
2,DEPTH,1787118258150181,1787118258147624,1787118258168495
2,DEPTH,1787118258183515,1787118258180952,1787118258201746
2,DEPTH,1787118258216851,1787118258214282,1787118258235096
2,DEPTH,1787118258250184,1787118258247609,1787118258268403
2,DEPTH,1787118258283517,1787118258280936,1787118258301756
2,DEPTH,1787118258316857,1787118258314270,1787118258335069
2,DEPTH,1787118258350184,1787118258347590,1787118258368704
2,DEPTH,1787118258383530,1787118258380931,1787118258401581
2,DEPTH,1787118258416856,1787118258414947,1787118258434982
2,DEPTH,1787118258450186,1787118258448275,1787118258468375
2,DEPTH,1787118258483525,1787118258481612,1787118258501682
2,DEPTH,1787118258516855,1787118258514939,1787118258535013
2,DEPTH,1787118258550189,1787118258548271,1787118258568184
2,DEPTH,1787118258583522,1787118258581601,1787118258601618
2,DEPTH,1787118258616857,1787118258614934,1787118258634861
2,DEPTH,1787118258650195,1787118258648269,1787118258668095
2,DEPTH,1787118258683544,1787118258681616,1787118258701860
2,DEPTH,1787118258716875,1787118258714945,1787118258734962
2,DEPTH,1787118258750194,1787118258748261,1787118258768360
2,DEPTH,1787118258783522,1787118258781587,1787118258801713
2,DEPTH,1787118258816856,1787118258814918,1787118258834897
2,DEPTH,1787118258849674,1787118258847734,1787118258867446
2,DEPTH,1787118258883541,1787118258881598,1787118258901722
2,DEPTH,1787118258916872,1787118258914927,1787118258934940
2,DEPTH,1787118258950200,1787118258948253,1787118258968293
2,DEPTH,1787118258983536,1787118258981586,1787118259001735
2,DEPTH,1787118259016877,1787118259014925,1787118259035048
2,DEPTH,1787118259050200,1787118259048245,1787118259068335
2,DEPTH,1787118259083535,1787118259081578,1787118259101655
2,DEPTH,1787118259116869,1787118259114910,1787118259135002
2,DEPTH,1787118259150205,1787118259148243,1787118259168345
2,DEPTH,1787118259183538,1787118259181574,1787118259201649
2,DEPTH,1787118259216871,1787118259214904,1787118259234943
2,DEPTH,1787118259250207,1787118259248238,1787118259268320
2,DEPTH,1787118259283541,1787118259281570,1787118259302030
2,DEPTH,1787118259316872,1787118259314898,1787118259334977
2,DEPTH,1787118259350217,1787118259348241,1787118259368055
2,DEPTH,1787118259416884,1787118259415175,1787118259434612
2,DEPTH,1787118259450204,1787118259448494,1787118259468311
2,DEPTH,1787118259483545,1787118259481834,1787118259501683
2,DEPTH,1787118259516875,1787118259515162,1787118259534967
2,DEPTH,1787118259550211,1787118259548497,1787118259568290
2,DEPTH,1787118259583548,1787118259581833,1787118259601610
2,DEPTH,1787118259616882,1787118259615166,1787118259635041
2,DEPTH,1787118259650211,1787118259648494,1787118259668333
2,DEPTH,1787118259683544,1787118259681826,1787118259701660
2,DEPTH,1787118259716878,1787118259715159,1787118259734965
2,DEPTH,1787118259750214,1787118259748493,1787118259768279
2,DEPTH,1787118259783545,1787118259781824,1787118259801610
2,DEPTH,1787118259816878,1787118259815155,1787118259834664
2,DEPTH,1787118259850216,1787118259848492,1787118259867946
2,DEPTH,1787118259883558,1787118259881833,1787118259901336
2,DEPTH,1787118259916887,1787118259915161,1787118259935103
2,DEPTH,1787118259950225,1787118259948498,1787118259968334
2,DEPTH,1787118259983547,1787118259981818,1787118260001397
2,DEPTH,1787118260016883,1787118260015153,1787118260035414
2,DEPTH,1787118260050223,1787118260048492,1787118260068687
2,DEPTH,1787118260083554,1787118260081822,1787118260101654
2,DEPTH,1787118260116890,1787118260115157,1787118260135044
2,DEPTH,1787118260150220,1787118260148486,1787118260168321
2,DEPTH,1787118260183554,1787118260181819,1787118260201676
2,DEPTH,1787118260216886,1787118260215150,1787118260234965
2,DEPTH,1787118260250225,1787118260248487,1787118260268382
2,DEPTH,1787118260283554,1787118260281815,1787118260302027
2,DEPTH,1787118260316891,1787118260315151,1787118260335358
2,DEPTH,1787118260350223,1787118260348482,1787118260368510
2,DEPTH,1787118260383558,1787118260381816,1787118260401883
2,DEPTH,1787118260416889,1787118260415473,1787118260435035
2,DEPTH,1787118260450225,1787118260448809,1787118260468275
2,DEPTH,1787118260483562,1787118260482146,1787118260501681
2,DEPTH,1787118260516896,1787118260515480,1787118260534976
2,DEPTH,1787118260550225,1787118260548809,1787118260568685
2,DEPTH,1787118260583560,1787118260582145,1787118260601650
2,DEPTH,1787118260616893,1787118260615478,1787118260634979
2,DEPTH,1787118260650227,1787118260648812,1787118260668451
2,DEPTH,1787118260683562,1787118260682147,1787118260701808
2,DEPTH,1787118260716896,1787118260715482,1787118260735017
2,DEPTH,1787118260750228,1787118260748814,1787118260768412
2,DEPTH,1787118260783562,1787118260782148,1787118260801704
2,DEPTH,1787118260816897,1787118260815483,1787118260835005
2,DEPTH,1787118260850230,1787118260848817,1787118260868274
2,DEPTH,1787118260883576,1787118260882163,1787118260901580
2,DEPTH,1787118260916912,1787118260915499,1787118260934931
2,DEPTH,1787118260950230,1787118260948817,1787118260968296
2,DEPTH,1787118260983568,1787118260982156,1787118261001755
2,DEPTH,1787118261016900,1787118261015488,1787118261035044
2,COLOR,1787118256050156,1787118256045380,1787118256064825
2,COLOR,1787118256083487,1787118256078685,1787118256098503
2,COLOR,1787118256116840,1787118256112012,1787118256131773
2,COLOR,1787118256150159,1787118256145305,1787118256164906
2,COLOR,1787118256183495,1787118256178614,1787118256198127
2,COLOR,1787118256216825,1787118256211918,1787118256231590
2,COLOR,1787118256250162,1787118256245228,1787118256265179
2,COLOR,1787118256283493,1787118256278533,1787118256298321
2,COLOR,1787118256316838,1787118256311852,1787118256331632
2,COLOR,1787118256350160,1787118256345147,1787118256365183
2,COLOR,1787118256383497,1787118256378458,1787118256398315
2,COLOR,1787118256416827,1787118256413891,1787118256431566
2,COLOR,1787118256450166,1787118256447219,1787118256464829
2,COLOR,1787118256483502,1787118256480544,1787118256498392
2,COLOR,1787118256516828,1787118256513859,1787118256531506
2,COLOR,1787118256550166,1787118256547186,1787118256565235
2,COLOR,1787118256583514,1787118256580522,1787118256598233
2,COLOR,1787118256616836,1787118256613833,1787118256631507
2,COLOR,1787118256650169,1787118256647155,1787118256665382
2,COLOR,1787118256683501,1787118256680476,1787118256698431
2,COLOR,1787118256716851,1787118256713814,1787118256731578
2,COLOR,1787118256750169,1787118256747121,1787118256765187
2,COLOR,1787118256783504,1787118256780445,1787118256798228
2,COLOR,1787118256816837,1787118256813767,1787118256831554
2,COLOR,1787118256850173,1787118256847091,1787118256864934
2,COLOR,1787118256883517,1787118256880424,1787118256898153
2,COLOR,1787118256916841,1787118256913737,1787118256931454
2,COLOR,1787118256950170,1787118256947055,1787118256964775
2,COLOR,1787118256983503,1787118256980377,1787118256998237
2,COLOR,1787118257016841,1787118257013704,1787118257031628
2,COLOR,1787118257050175,1787118257047026,1787118257064783
2,COLOR,1787118257083511,1787118257080351,1787118257098143
2,COLOR,1787118257116843,1787118257113672,1787118257131521
2,COLOR,1787118257150177,1787118257146995,1787118257164799
2,COLOR,1787118257183507,1787118257180313,1787118257198445
2,COLOR,1787118257216846,1787118257213641,1787118257231814
2,COLOR,1787118257250177,1787118257246961,1787118257265109
2,COLOR,1787118257283507,1787118257280280,1787118257298437
2,COLOR,1787118257316843,1787118257313605,1787118257331801
2,COLOR,1787118257350192,1787118257346942,1787118257365185
2,COLOR,1787118257383510,1787118257380249,1787118257398401
2,COLOR,1787118257416848,1787118257414425,1787118257431738
2,COLOR,1787118257450182,1787118257447753,1787118257465296
2,COLOR,1787118257483519,1787118257481084,1787118257498566
2,COLOR,1787118257516846,1787118257514405,1787118257531704
2,COLOR,1787118257550182,1787118257547735,1787118257564871
2,COLOR,1787118257583514,1787118257581061,1787118257598429
2,COLOR,1787118257616847,1787118257614388,1787118257631732
2,COLOR,1787118257650181,1787118257647716,1787118257665082
2,COLOR,1787118257683516,1787118257681044,1787118257698451
2,COLOR,1787118257716848,1787118257714370,1787118257731441
2,COLOR,1787118257750183,1787118257747699,1787118257764897
2,COLOR,1787118257783518,1787118257781028,1787118257798240
2,COLOR,1787118257816852,1787118257814356,1787118257831401
2,COLOR,1787118257850185,1787118257847683,1787118257865138
2,COLOR,1787118257883526,1787118257881018,1787118257898065
2,COLOR,1787118257916854,1787118257914340,1787118257931863
2,COLOR,1787118257950192,1787118257947672,1787118257965132
2,COLOR,1787118257983530,1787118257981004,1787118257998449
2,COLOR,1787118258016862,1787118258014330,1787118258031487
2,COLOR,1787118258050193,1787118258047654,1787118258064761
2,COLOR,1787118258083522,1787118258080977,1787118258098654
2,COLOR,1787118258116856,1787118258114305,1787118258131798
2,COLOR,1787118258150189,1787118258147632,1787118258165374
2,COLOR,1787118258183523,1787118258180960,1787118258198379
2,COLOR,1787118258216859,1787118258214290,1787118258231910
2,COLOR,1787118258250191,1787118258247616,1787118258265268
2,COLOR,1787118258283525,1787118258280944,1787118258298573
2,COLOR,1787118258316865,1787118258314278,1787118258331789
2,COLOR,1787118258350192,1787118258347599,1787118258364972
2,COLOR,1787118258383538,1787118258380938,1787118258398437
2,COLOR,1787118258416864,1787118258414955,1787118258431825
2,COLOR,1787118258450194,1787118258448283,1787118258464853
2,COLOR,1787118258483533,1787118258481619,1787118258498520
2,COLOR,1787118258516863,1787118258514947,1787118258531652
2,COLOR,1787118258550197,1787118258548279,1787118258564918
2,COLOR,1787118258583530,1787118258581609,1787118258598206
2,COLOR,1787118258616865,1787118258614942,1787118258631504
2,COLOR,1787118258650203,1787118258648277,1787118258665213
2,COLOR,1787118258683552,1787118258681624,1787118258698283
2,COLOR,1787118258716883,1787118258714953,1787118258731896
2,COLOR,1787118258750202,1787118258748269,1787118258765119
2,COLOR,1787118258783530,1787118258781595,1787118258798408
2,COLOR,1787118258816864,1787118258814926,1787118258831848
2,COLOR,1787118258850203,1787118258848263,1787118258865511
2,COLOR,1787118258883542,1787118258881599,1787118258898187
2,COLOR,1787118258916873,1787118258914928,1787118258931556
2,COLOR,1787118258950201,1787118258948254,1787118258964996
2,COLOR,1787118258983537,1787118258981587,1787118258998226
2,COLOR,1787118259016878,1787118259014926,1787118259031673
2,COLOR,1787118259050201,1787118259048247,1787118259064911
2,COLOR,1787118259083536,1787118259081579,1787118259098105
2,COLOR,1787118259116870,1787118259114910,1787118259131452
2,COLOR,1787118259150206,1787118259148244,1787118259164995
2,COLOR,1787118259183539,1787118259181575,1787118259198176
2,COLOR,1787118259216872,1787118259214905,1787118259231555
2,COLOR,1787118259250208,1787118259248239,1787118259264870
2,COLOR,1787118259283542,1787118259281571,1787118259298425
2,COLOR,1787118259316873,1787118259314899,1787118259332118
2,COLOR,1787118259350218,1787118259348242,1787118259365031
2,COLOR,1787118259416885,1787118259415176,1787118259431625
2,COLOR,1787118259450206,1787118259448496,1787118259465385
2,COLOR,1787118259483546,1787118259481835,1787118259498485
2,COLOR,1787118259516876,1787118259515163,1787118259531718
2,COLOR,1787118259550212,1787118259548498,1787118259565300
2,COLOR,1787118259583549,1787118259581834,1787118259598697
2,COLOR,1787118259616883,1787118259615167,1787118259632037
2,COLOR,1787118259650212,1787118259648495,1787118259665331
2,COLOR,1787118259683546,1787118259681828,1787118259698748
2,COLOR,1787118259716879,1787118259715160,1787118259731841
2,COLOR,1787118259750215,1787118259748494,1787118259764882
2,COLOR,1787118259783547,1787118259781825,1787118259798113
2,COLOR,1787118259816879,1787118259815156,1787118259831838
2,COLOR,1787118259850218,1787118259848494,1787118259865129
2,COLOR,1787118259883559,1787118259881834,1787118259898456
2,COLOR,1787118259916888,1787118259915162,1787118259931488
2,COLOR,1787118259950226,1787118259948499,1787118259965079
2,COLOR,1787118259983548,1787118259981819,1787118259998662
2,COLOR,1787118260016885,1787118260015155,1787118260032423
2,COLOR,1787118260050225,1787118260048494,1787118260065331
2,COLOR,1787118260083555,1787118260081823,1787118260098489
2,COLOR,1787118260116891,1787118260115158,1787118260131727
2,COLOR,1787118260150221,1787118260148487,1787118260164785
2,COLOR,1787118260183556,1787118260181821,1787118260198110
2,COLOR,1787118260216887,1787118260215151,1787118260231982
2,COLOR,1787118260250226,1787118260248488,1787118260264866
2,COLOR,1787118260283555,1787118260281817,1787118260298296
2,COLOR,1787118260316892,1787118260315152,1787118260331661
2,COLOR,1787118260350224,1787118260348483,1787118260364893
2,COLOR,1787118260383559,1787118260381817,1787118260398235
2,COLOR,1787118260416890,1787118260415147,1787118260431658
2,COLOR,1787118260450226,1787118260448810,1787118260465597
2,COLOR,1787118260483563,1787118260482147,1787118260498322
2,COLOR,1787118260516897,1787118260515481,1787118260531558
2,COLOR,1787118260550227,1787118260548812,1787118260564760
2,COLOR,1787118260583561,1787118260582146,1787118260598115
2,COLOR,1787118260616894,1787118260615479,1787118260631569
2,COLOR,1787118260650228,1787118260648813,1787118260665171
2,COLOR,1787118260683563,1787118260682148,1787118260698581
2,COLOR,1787118260716897,1787118260715483,1787118260731775
2,COLOR,1787118260750229,1787118260748815,1787118260764850
2,COLOR,1787118260783563,1787118260782149,1787118260798463
2,COLOR,1787118260816898,1787118260815484,1787118260831974
2,COLOR,1787118260850231,1787118260848818,1787118260865074
2,COLOR,1787118260883578,1787118260882165,1787118260898162
2,COLOR,1787118260916913,1787118260915500,1787118260931919
2,COLOR,1787118260950231,1787118260948818,1787118260965428
2,COLOR,1787118260983569,1787118260982157,1787118260998607
2,COLOR,1787118261016901,1787118261015489,1787118261031800
