deviceIndex,streamType,hwTimestampUs,globalTimestampUs,sysTimestampUs,frameNumber,,device1 globaltime ,device2 globaltime,device2-device0,device2-device1
0,DEPTH,1787124602757841,1787124602759824,1787124602781736,9,,1787124602759088,1787124602757953,-1870,-1130
0,DEPTH,1787124602791175,1787124602793153,1787124602814844,10,,1787124602792409,1787124602791261,-1890,-1140
0,DEPTH,1787124602824502,1787124602826475,1787124602848075,11,,1787124602825725,1787124602824563,-1910,-1160
0,DEPTH,1787124602857842,1787124602859810,1787124602881339,12,,1787124602860642,1787124602857875,-1940,-2770
0,DEPTH,1787124602891177,1787124602893140,1787124602914751,13,,1787124602892366,1787124602891185,-1960,-1180
0,DEPTH,1787124602924507,1787124602926465,1787124602948192,14,,1787124602925684,1787124602924490,-1970,-1190
0,DEPTH,1787124602957842,1787124602959795,1787124602981431,15,,1787124602959006,1787124602957798,-2000,-1210
0,DEPTH,1787124602991176,1787124602993124,1787124603014741,16,,1787124602992328,1787124602991106,-2020,-1220
0,DEPTH,1787124603024513,1787124603026456,1787124603048201,17,,1787124603025652,1787124603024417,-2040,-1240
0,DEPTH,1787124603057843,1787124603059782,1787124603081537,18,,1787124603058971,1787124603057722,-2060,-1250
0,DEPTH,1787124603091176,1787124603093110,1787124603114618,19,,1787124603092291,1787124603091028,-2090,-1270
0,DEPTH,1787124603124515,1787124603126444,1787124603148060,20,,1787124603125618,1787124603126320,-120,710
0,DEPTH,1787124603124515,1787124603127190,1787124603181633,21,,1787124603160249,1787124603159635,32440,-610
0,DEPTH,1787124603191177,1787124603193852,1787124603214902,22,,1787124603193580,1787124603192958,-900,-630
0,DEPTH,1787124603224517,1787124603227192,1787124603248209,23,,1787124603226918,1787124603226287,-910,-630
0,DEPTH,1787124603257845,1787124603260520,1787124603281368,24,,1787124603260243,1787124603259604,-920,-640
0,DEPTH,1787124603291179,1787124603293854,1787124603314705,25,,1787124603293573,1787124603292926,-930,-650
0,DEPTH,1787124603324510,1787124603327185,1787124603348060,26,,1787124603326902,1787124603326246,-940,-660
0,DEPTH,1787124603357845,1787124603360519,1787124603381597,27,,1787124603360233,1787124603359569,-950,-670
0,DEPTH,1787124603357845,1787124603360519,1787124603414842,28,,1787124603393563,1787124603392891,32380,-670
0,DEPTH,1787124603424513,1787124603427187,1787124603448184,29,,1787124603426895,1787124603426214,-970,-680
0,DEPTH,1787124603457845,1787124603460519,1787124603481426,30,,1787124603460224,1787124603459534,-980,-690
0,DEPTH,1787124603491180,1787124603493854,1787124603514733,31,,1787124603493556,1787124603492857,-1000,-700
0,DEPTH,1787124603524513,1787124603527187,1787124603548056,32,,1787124603526886,1787124603526179,-1010,-710
0,DEPTH,1787124603557845,1787124603560519,1787124603581902,33,,1787124603560214,1787124603559500,-1010,-710
0,DEPTH,1787124603591178,1787124603593852,1787124603614666,34,,1787124603593544,1787124603592821,-1030,-720
0,DEPTH,1787124603624514,1787124603627188,1787124603648053,35,,1787124603626877,1787124603626146,-1040,-730
0,DEPTH,1787124603624514,1787124603627188,1787124603681916,36,,1787124603660211,1787124603659471,32290,-740
0,DEPTH,1787124603691191,1787124603693865,1787124603714981,37,,1787124603693548,1787124603692799,-1070,-750
0,DEPTH,1787124603724509,1787124603727183,1787124603748175,38,,1787124603726863,1787124603726107,-1080,-760
0,DEPTH,1787124603757847,1787124603760520,1787124603781375,39,,1787124603760197,1787124603759433,-1090,-760
0,DEPTH,1787124603791180,1787124603793853,1787124603814670,40,,1787124603793527,1787124603792754,-1100,-770
0,DEPTH,1787124603824517,1787124603827190,1787124603848020,41,,1787124603826861,1787124603826079,-1120,-790
0,DEPTH,1787124603857849,1787124603860522,1787124603881588,42,,1787124603860190,1787124603859399,-1130,-800
0,DEPTH,1787124603891179,1787124603893852,1787124603914836,43,,1787124603893516,1787124603892718,-1140,-800
0,DEPTH,1787124603924515,1787124603927188,1787124603948227,44,,1787124603926849,1787124603926042,-1140,-800
0,DEPTH,1787124603957850,1787124603960523,1787124603981372,45,,1787124603960182,1787124603959366,-1160,-820
0,DEPTH,1787124603991183,1787124603993856,1787124604014852,46,,1787124603993512,1787124603992687,-1170,-830
0,DEPTH,1787124604024515,1787124604027188,1787124604048039,47,,1787124604026841,1787124604026009,-1180,-840
0,DEPTH,1787124604057851,1787124604060524,1787124604082116,48,,1787124604060173,1787124604059332,-1190,-840
0,DEPTH,1787124604091185,1787124604093858,1787124604115049,49,,1787124604093504,1787124604092654,-1200,-850
0,DEPTH,1787124604124518,1787124604127191,1787124604148589,50,,1787124604126834,1787124604126853,-340,20
0,DEPTH,1787124604157845,1787124604160691,1787124604183894,51,,1787124604160608,1787124604160174,-520,-430
0,DEPTH,1787124604191184,1787124604194031,1787124604215068,52,,1787124604193946,1787124604193507,-530,-440
0,DEPTH,1787124604224517,1787124604227365,1787124604248374,53,,1787124604227279,1787124604226834,-530,-440
0,DEPTH,1787124604257851,1787124604260700,1787124604281922,54,,1787124604260613,1787124604260162,-540,-450
0,DEPTH,1787124604291184,1787124604294034,1787124604315039,55,,1787124604293945,1787124604293489,-550,-460
0,DEPTH,1787124604324526,1787124604327377,1787124604348327,56,,1787124604327286,1787124604326824,-550,-460
0,DEPTH,1787124604357860,1787124604360712,1787124604381682,57,,1787124604360620,1787124604360152,-560,-470
0,DEPTH,1787124604391197,1787124604394050,1787124604414983,58,,1787124604393957,1787124604393484,-570,-470
0,DEPTH,1787124604424524,1787124604427377,1787124604448373,59,,1787124604427283,1787124604426804,-570,-480
0,DEPTH,1787124604457854,1787124604460708,1787124604481749,60,,1787124604460612,1787124604460128,-580,-490
0,DEPTH,1787124604491187,1787124604494042,1787124604515379,61,,1787124604493945,1787124604493454,-590,-490
0,DEPTH,1787124604524527,1787124604527383,1787124604548377,62,,1787124604527284,1787124604526788,-600,-500
0,DEPTH,1787124604557854,1787124604560711,1787124604581650,63,,1787124604560611,1787124604560110,-600,-500
0,DEPTH,1787124604591195,1787124604594053,1787124604615140,64,,1787124604593952,1787124604560110,-33940,-33840
0,DEPTH,1787124604624519,1787124604627378,1787124604648332,65,,1787124604627276,1787124604626763,-610,-510
0,DEPTH,1787124604657850,1787124604660710,1787124604681652,66,,1787124604660605,1787124604660086,-630,-520
0,DEPTH,1787124604691198,1787124604694059,1787124604715032,67,,1787124604693953,1787124604693429,-630,-530
0,DEPTH,1787124604724524,1787124604727385,1787124604748459,68,,1787124604727279,1787124604726749,-640,-530
0,DEPTH,1787124604757850,1787124604760712,1787124604782027,69,,1787124604760604,1787124604760068,-650,-540
0,DEPTH,1787124604791188,1787124604794051,1787124604815029,70,,1787124604793942,1787124604793401,-650,-540
0,DEPTH,1787124604824523,1787124604827387,1787124604848427,71,,1787124604827276,1787124604826729,-660,-550
0,DEPTH,1787124604857860,1787124604860725,1787124604881656,72,,1787124604860613,1787124604860061,-660,-550
0,DEPTH,1787124604891190,1787124604894056,1787124604914999,73,,1787124604893942,1787124604893384,-670,-560
0,DEPTH,1787124604924533,1787124604927400,1787124604948569,74,,1787124604927285,1787124604926721,-680,-560
0,DEPTH,1787124604957857,1787124604960725,1787124604981890,75,,1787124604960608,1787124604960039,-690,-570
0,DEPTH,1787124604991198,1787124604994067,1787124605015328,76,,1787124604993949,1787124604993374,-690,-570
0,DEPTH,1787124605024533,1787124605027402,1787124605048401,77,,1787124605027283,1787124605026702,-700,-580
0,DEPTH,1787124605024533,1787124605027402,1787124605081811,78,,1787124605060610,1787124605060025,32620,-590
0,DEPTH,1787124605091191,1787124605094062,1787124605114909,79,,1787124605093941,1787124605093348,-720,-600
0,DEPTH,1787124605124533,1787124605127405,1787124605148420,80,,1787124605127282,1787124605127068,-340,-220
0,DEPTH,1787124605157853,1787124605160726,1787124605181690,81,,1787124605160647,1787124605160383,-340,-260
0,DEPTH,1787124605191191,1787124605194312,1787124605215212,82,,1787124605193985,1787124605193717,-600,-270
0,DEPTH,1787124605224529,1787124605227652,1787124605248556,83,,1787124605227322,1787124605227051,-600,-270
0,DEPTH,1787124605257862,1787124605260987,1787124605281749,84,,1787124605260655,1787124605260380,-600,-270
0,DEPTH,1787124605291195,1787124605294322,1787124605314985,85,,1787124605293988,1787124605293709,-620,-280
0,DEPTH,1787124605324529,1787124605327658,1787124605348322,86,,1787124605327321,1787124605327039,-620,-290
0,DEPTH,1787124605357863,1787124605360994,1787124605381846,87,,1787124605360656,1787124605360369,-630,-290
0,DEPTH,1787124605391204,1787124605394338,1787124605415181,88,,1787124605393996,1787124605393706,-630,-290
0,DEPTH,1787124605424533,1787124605427669,1787124605448410,89,,1787124605427325,1787124605427031,-630,-290
0,DEPTH,1787124605457864,1787124605461002,1787124605481895,90,,1787124605460655,1787124605460357,-650,-300
0,DEPTH,1787124605491195,1787124605494335,1787124605515239,91,,1787124605493987,1787124605493685,-650,-300
0,DEPTH,1787124605524534,1787124605527676,1787124605548449,92,,1787124605527324,1787124605527019,-660,-310
0,DEPTH,1787124605557864,1787124605561008,1787124605581557,93,,1787124605560654,1787124605560345,-660,-310
0,DEPTH,1787124605591196,1787124605594342,1787124605614944,94,,1787124605593987,1787124605593674,-670,-310
0,DEPTH,1787124605624525,1787124605627673,1787124605648101,95,,1787124605627315,1787124605626999,-680,-320
0,DEPTH,1787124605657865,1787124605661015,1787124605681480,96,,1787124605660655,1787124605660335,-680,-320
0,DEPTH,1787124605691189,1787124605694341,1787124605714865,97,,1787124605693979,1787124605693655,-690,-320
0,DEPTH,1787124605724527,1787124605727682,1787124605748329,98,,1787124605727316,1787124605726988,-700,-330
0,DEPTH,1787124605757862,1787124605761019,1787124605781713,99,,1787124605760652,1787124605760320,-690,-330
0,DEPTH,1787124605791195,1787124605794354,1787124605814634,100,,1787124605793985,1787124605793649,-710,-340
0,DEPTH,1787124605824531,1787124605827692,1787124605848075,101,,1787124605827320,1787124605826980,-710,-340
0,DEPTH,1787124605857863,1787124605861026,1787124605881418,102,,1787124605860651,1787124605860308,-720,-350
0,DEPTH,1787124605891196,1787124605894361,1787124605914741,103,,1787124605893984,1787124605893638,-730,-350
0,DEPTH,1787124605924531,1787124605927698,1787124605948038,104,,1787124605927319,1787124605926968,-730,-350
0,DEPTH,1787124605957864,1787124605961033,1787124605981320,105,,1787124605960652,1787124605960297,-740,-360
0,DEPTH,1787124605991204,1787124605994375,1787124606014700,106,,1787124605993992,1787124605993632,-740,-360
0,DEPTH,1787124606024532,1787124606027705,1787124606048018,107,,1787124606027319,1787124606026957,-750,-360
0,DEPTH,1787124606057863,1787124606061038,1787124606081783,108,,1787124606060650,1787124606060284,-750,-370
0,DEPTH,1787124606091198,1787124606094376,1787124606115219,109,,1787124606093985,1787124606093615,-760,-370
0,DEPTH,1787124606124531,1787124606127711,1787124606148052,110,,1787124606127317,1787124606127369,-350,50
0,DEPTH,1787124606157859,1787124606161041,1787124606181414,111,,1787124606160646,1787124606160695,-350,50
0,DEPTH,1787124606191197,1787124606194354,1787124606214721,112,,1787124606194210,1787124606194031,-320,-180
0,DEPTH,1787124606224531,1787124606227690,1787124606248465,113,,1787124606227545,1787124606227362,-330,-180
0,DEPTH,1787124606257873,1787124606261033,1787124606281442,114,,1787124606260889,1787124606260703,-330,-180
0,DEPTH,1787124606291209,1787124606294372,1787124606314738,115,,1787124606294225,1787124606294036,-340,-190
0,DEPTH,1787124606324535,1787124606327700,1787124606348396,116,,1787124606327552,1787124606327361,-340,-190
0,DEPTH,1787124606357874,1787124606361041,1787124606381736,117,,1787124606360892,1787124606360698,-350,-200
0,DEPTH,1787124606391204,1787124606394373,1787124606415015,118,,1787124606394221,1787124606394024,-350,-200
0,DEPTH,1787124606424547,1787124606427718,1787124606448314,119,,1787124606427566,1787124606427366,-350,-200
0,DEPTH,1787124606457866,1787124606461038,1787124606481710,120,,1787124606460886,1787124606460683,-350,-200
0,DEPTH,1787124606491200,1787124606494374,1787124606515207,121,,1787124606494221,1787124606494015,-360,-210
0,DEPTH,1787124606524569,1787124606527746,1787124606548390,122,,1787124606527591,1787124606527383,-360,-210
0,DEPTH,1787124606557893,1787124606561071,1787124606581709,123,,1787124606560915,1787124606560704,-370,-210
0,DEPTH,1787124606591200,1787124606594380,1787124606615402,124,,1787124606594223,1787124606594008,-380,-220
0,DEPTH,1787124606624537,1787124606627719,1787124606648111,125,,1787124606627560,1787124606627344,-370,-220
0,DEPTH,1787124606657867,1787124606661051,1787124606681676,126,,1787124606660892,1787124606660672,-380,-220
0,DEPTH,1787124606691201,1787124606694387,1787124606714756,127,,1787124606694227,1787124606694005,-380,-220
0,DEPTH,1787124606724533,1787124606727721,1787124606748274,128,,1787124606694227,1787124606694005,-33720,-220
0,DEPTH,1787124606757866,1787124606761056,1787124606781635,129,,1787124606760893,1787124606760665,-390,-230
0,DEPTH,1787124606791209,1787124606794401,1787124606814897,130,,1787124606794237,1787124606794006,-400,-230
0,DEPTH,1787124606824537,1787124606827731,1787124606848349,131,,1787124606827566,1787124606827332,-400,-230
0,DEPTH,1787124606857895,1787124606861091,1787124606881948,132,,1787124606860924,1787124606860688,-410,-240
0,DEPTH,1787124606891225,1787124606894423,1787124606915027,133,,1787124606894255,1787124606894016,-410,-240
0,DEPTH,1787124606924537,1787124606927737,1787124606948299,134,,1787124606927568,1787124606927326,-410,-240
0,DEPTH,1787124606957874,1787124606961076,1787124606981740,135,,1787124606960905,1787124606960661,-410,-240
0,DEPTH,1787124606991204,1787124606994408,1787124607015102,136,,1787124606994236,1787124606993989,-420,-250
0,DEPTH,1787124607024539,1787124607027745,1787124607048487,137,,1787124607027572,1787124607027321,-420,-250
0,DEPTH,1787124607057871,1787124607061079,1787124607081913,138,,1787124607060904,1787124607060652,-420,-250
0,DEPTH,1787124607091204,1787124607094414,1787124607114981,139,,1787124607094238,1787124607093983,-430,-250
0,DEPTH,1787124607124542,1787124607127754,1787124607148147,140,,1787124607127578,1787124607127491,-260,-80
0,DEPTH,1787124607157870,1787124607161084,1787124607181844,141,,1787124607160906,1787124607160818,-270,-90
0,DEPTH,1787124607191211,1787124607194300,1787124607214896,142,,1787124607194272,1787124607194157,-150,-120
0,DEPTH,1787124607224532,1787124607227622,1787124607248061,143,,1787124607227595,1787124607227478,-150,-120
0,DEPTH,1787124607257873,1787124607260965,1787124607281849,144,,1787124607260937,1787124607260816,-150,-120
0,DEPTH,1787124607291239,1787124607294332,1787124607314998,145,,1787124607294304,1787124607294181,-150,-120
0,DEPTH,1787124607324545,1787124607327640,1787124607348465,146,,1787124607327610,1787124607327486,-160,-130
0,DEPTH,1787124607357878,1787124607360974,1787124607381681,147,,1787124607360944,1787124607360818,-160,-130
0,DEPTH,1787124607391212,1787124607394310,1787124607415022,148,,1787124607394279,1787124607394151,-160,-120
0,DEPTH,1787124607424550,1787124607427649,1787124607448327,149,,1787124607427619,1787124607427487,-160,-130
0,DEPTH,1787124607457879,1787124607460980,1787124607481667,150,,1787124607460947,1787124607460815,-170,-130
0,DEPTH,1787124607491210,1787124607494312,1787124607515001,151,,1787124607494280,1787124607494144,-170,-140
0,DEPTH,1787124607524548,1787124607527652,1787124607548378,152,,1787124607527619,1787124607527482,-170,-130
0,DEPTH,1787124607557872,1787124607560977,1787124607581409,153,,1787124607560944,1787124607560805,-170,-140
0,DEPTH,1787124607591218,1787124607594325,1787124607614792,154,,1787124607594291,1787124607594148,-180,-150
0,DEPTH,1787124607624549,1787124607627657,1787124607648070,155,,1787124607627623,1787124607627479,-180,-150
0,DEPTH,1787124607657879,1787124607660989,1787124607681508,156,,1787124607660953,1787124607660807,-180,-150
0,DEPTH,1787124607691209,1787124607694320,1787124607714661,157,,1787124607694284,1787124607694136,-190,-150
0,DEPTH,1787124607724568,1787124607727681,1787124607748363,158,,1787124607727644,1787124607727486,-200,-160
0,COLOR,1787124602757899,1787124602759882,1787124602776678,8,,1787124602759145,1787124602757964,-1920,-1180
0,COLOR,1787124602791232,1787124602793210,1787124602809921,9,,1787124602792467,1787124602791272,-1940,-1190
0,COLOR,1787124602824560,1787124602826533,1787124602843346,10,,1787124602825783,1787124602824574,-1960,-1210
0,COLOR,1787124602857899,1787124602859867,1787124602876566,11,,1787124602860700,1787124602857887,-1980,-2820
0,COLOR,1787124602891235,1787124602893198,1787124602909966,12,,1787124602892423,1787124602891196,-2000,-1230
0,COLOR,1787124602924565,1787124602926523,1787124602943563,13,,1787124602925740,1787124602924501,-2020,-1240
0,COLOR,1787124602957900,1787124602959853,1787124602976817,14,,1787124602959064,1787124602957809,-2050,-1260
0,COLOR,1787124602991234,1787124602993183,1787124603009988,15,,1787124602992385,1787124602991117,-2070,-1270
0,COLOR,1787124603024571,1787124603026514,1787124603043632,16,,1787124603025710,1787124603024428,-2090,-1290
0,COLOR,1787124603057901,1787124603059840,1787124603076717,17,,1787124603059029,1787124603057733,-2110,-1290
0,COLOR,1787124603091233,1787124603093167,1787124603110070,18,,1787124603092348,1787124603091039,-2130,-1310
0,COLOR,1787124603124572,1787124603126501,1787124603143810,19,,1787124603125675,1787124603126331,-170,660
0,COLOR,1787124603157900,1787124603160575,1787124603177072,20,,1787124603160307,1787124603159647,-930,-660
0,COLOR,1787124603191234,1787124603193909,1787124603210203,21,,1787124603193638,1787124603192969,-940,-670
0,COLOR,1787124603224574,1787124603227249,1787124603243532,22,,1787124603226974,1787124603226298,-950,-680
0,COLOR,1787124603257903,1787124603260578,1787124603277163,23,,1787124603260300,1787124603259615,-960,-690
0,COLOR,1787124603291236,1787124603293911,1787124603310362,24,,1787124603293631,1787124603292937,-980,-700
0,COLOR,1787124603324568,1787124603327243,1787124603343665,25,,1787124603326959,1787124603326257,-990,-700
0,COLOR,1787124603357903,1787124603360578,1787124603377085,26,,1787124603360291,1787124603359580,-990,-710
0,COLOR,1787124603391236,1787124603393910,1787124603410291,27,,1787124603393620,1787124603392902,-1010,-720
0,COLOR,1787124603424571,1787124603427245,1787124603443609,28,,1787124603426952,1787124603426225,-1020,-730
0,COLOR,1787124603457903,1787124603460577,1787124603476903,29,,1787124603460282,1787124603459545,-1030,-740
0,COLOR,1787124603491238,1787124603493912,1787124603510201,30,,1787124603493613,1787124603492868,-1050,-750
0,COLOR,1787124603524570,1787124603527244,1787124603543664,31,,1787124603526943,1787124603526191,-1050,-750
0,COLOR,1787124603557903,1787124603560577,1787124603576731,32,,1787124603560273,1787124603559512,-1060,-760
0,COLOR,1787124603591236,1787124603593910,1787124603609970,33,,1787124603593602,1787124603592833,-1080,-770
0,COLOR,1787124603624572,1787124603627246,1787124603643658,34,,1787124603626935,1787124603626157,-1090,-780
0,COLOR,1787124603657909,1787124603660583,1787124603677038,35,,1787124603660269,1787124603659482,-1100,-780
0,COLOR,1787124603691249,1787124603693922,1787124603709897,36,,1787124603693606,1787124603692810,-1110,-790
0,COLOR,1787124603724567,1787124603727241,1787124603743623,37,,1787124603726920,1787124603726118,-1130,-810
0,COLOR,1787124603757905,1787124603760578,1787124603776878,38,,1787124603760255,1787124603759444,-1130,-810
0,COLOR,1787124603791238,1787124603793911,1787124603810207,39,,1787124603793585,1787124603792765,-1150,-820
0,COLOR,1787124603824574,1787124603827247,1787124603843534,40,,1787124603826919,1787124603826090,-1150,-820
0,COLOR,1787124603857907,1787124603860580,1787124603877001,41,,1787124603860247,1787124603859411,-1170,-830
0,COLOR,1787124603891237,1787124603893910,1787124603910402,42,,1787124603893574,1787124603892729,-1190,-850
0,COLOR,1787124603924572,1787124603927245,1787124603943724,43,,1787124603926907,1787124603926053,-1190,-850
0,COLOR,1787124603957907,1787124603960580,1787124603976923,44,,1787124603960239,1787124603959377,-1210,-860
0,COLOR,1787124603991240,1787124603993913,1787124604010259,45,,1787124603993569,1787124603992699,-1220,-870
0,COLOR,1787124604024573,1787124604027246,1787124604043561,46,,1787124604026899,1787124604026020,-1220,-870
0,COLOR,1787124604057909,1787124604060582,1787124604076960,47,,1787124604060231,1787124604059343,-1240,-890
0,COLOR,1787124604091242,1787124604093915,1787124604110006,48,,1787124604093561,1787124604092665,-1250,-900
0,COLOR,1787124604124576,1787124604127249,1787124604143240,49,,1787124604126892,1787124604126864,-380,-30
0,COLOR,1787124604157902,1787124604160575,1787124604176889,50,,1787124604160216,1787124604160185,-390,-30
0,COLOR,1787124604191242,1787124604194089,1787124604210425,51,,1787124604194004,1787124604193518,-570,-490
0,COLOR,1787124604224575,1787124604227423,1787124604243543,52,,1787124604227336,1787124604226845,-580,-490
0,COLOR,1787124604257909,1787124604260758,1787124604277050,53,,1787124604260670,1787124604260172,-580,-500
0,COLOR,1787124604291242,1787124604294092,1787124604310655,54,,1787124604294003,1787124604293500,-590,-500
0,COLOR,1787124604324583,1787124604327434,1787124604343848,55,,1787124604327344,1787124604326835,-600,-510
0,COLOR,1787124604357918,1787124604360770,1787124604377042,56,,1787124604360678,1787124604360163,-610,-510
0,COLOR,1787124604391255,1787124604394108,1787124604410532,57,,1787124604394015,1787124604393495,-610,-520
0,COLOR,1787124604424581,1787124604427434,1787124604443740,58,,1787124604427340,1787124604426814,-620,-530
0,COLOR,1787124604457912,1787124604460766,1787124604477234,59,,1787124604460670,1787124604460139,-630,-540
0,COLOR,1787124604491245,1787124604494100,1787124604510503,60,,1787124604494003,1787124604493465,-640,-540
0,COLOR,1787124604524584,1787124604527440,1787124604543629,61,,1787124604527342,1787124604526799,-650,-550
0,COLOR,1787124604557912,1787124604560769,1787124604576900,62,,1787124604560669,1787124604560121,-640,-540
0,COLOR,1787124604591253,1787124604594111,1787124604610067,63,,1787124604594010,1787124604593456,-660,-560
0,COLOR,1787124604624577,1787124604627436,1787124604643323,64,,1787124604627333,1787124604626766,-670,-570
0,COLOR,1787124604657907,1787124604660767,1787124604676947,65,,1787124604660663,1787124604660090,-670,-570
0,COLOR,1787124604691256,1787124604694117,1787124604710029,66,,1787124604694010,1787124604693433,-680,-580
0,COLOR,1787124604724582,1787124604727443,1787124604743224,67,,1787124604727336,1787124604726753,-690,-580
0,COLOR,1787124604757908,1787124604760770,1787124604777106,68,,1787124604760661,1787124604760072,-700,-590
0,COLOR,1787124604791246,1787124604794109,1787124604809975,69,,1787124604794000,1787124604793405,-700,-600
0,COLOR,1787124604824581,1787124604827445,1787124604843745,70,,1787124604827334,1787124604826733,-710,-600
0,COLOR,1787124604857918,1787124604860783,1787124604876994,71,,1787124604860670,1787124604860064,-720,-610
0,COLOR,1787124604891248,1787124604894114,1787124604910672,72,,1787124604894000,1787124604893388,-730,-620
0,COLOR,1787124604924591,1787124604927458,1787124604943603,73,,1787124604927342,1787124604926725,-730,-620
0,COLOR,1787124604957914,1787124604960782,1787124604977113,74,,1787124604960666,1787124604960043,-740,-620
0,COLOR,1787124604991256,1787124604994125,1787124605010520,75,,1787124604994006,1787124604993378,-750,-630
0,COLOR,1787124605024590,1787124605027460,1787124605043754,76,,1787124605027341,1787124605026706,-760,-640
0,COLOR,1787124605057918,1787124605060788,1787124605076907,77,,1787124605060668,1787124605060029,-760,-640
0,COLOR,1787124605091249,1787124605094120,1787124605109987,78,,1787124605093997,1787124605093352,-770,-640
0,COLOR,1787124605124591,1787124605127463,1787124605143281,79,,1787124605127340,1787124605127072,-390,-270
0,COLOR,1787124605157910,1787124605160783,1787124605176917,80,,1787124605160658,1787124605160386,-400,-270
0,COLOR,1787124605157910,1787124605161029,1787124605210401,81,,1787124605194043,1787124605193721,32700,-320
0,COLOR,1787124605191249,1787124605194370,1787124605243753,82,,1787124605227379,1787124605227055,32680,-320
0,COLOR,1787124605257919,1787124605261044,1787124605277292,83,,1787124605260712,1787124605260383,-660,-330
0,COLOR,1787124605291253,1787124605294380,1787124605310424,84,,1787124605294046,1787124605293713,-670,-330
0,COLOR,1787124605324587,1787124605327716,1787124605343688,85,,1787124605327379,1787124605327043,-670,-330
0,COLOR,1787124605357921,1787124605361053,1787124605377197,86,,1787124605360713,1787124605360373,-680,-340
0,COLOR,1787124605391261,1787124605394395,1787124605410452,87,,1787124605394054,1787124605393709,-690,-350
0,COLOR,1787124605424591,1787124605427727,1787124605443511,88,,1787124605427383,1787124605427035,-690,-350
0,COLOR,1787124605457921,1787124605461059,1787124605476690,89,,1787124605460713,1787124605460361,-690,-350
0,COLOR,1787124605491253,1787124605494393,1787124605509919,90,,1787124605494044,1787124605493689,-710,-360
0,COLOR,1787124605524591,1787124605527733,1787124605543310,91,,1787124605527382,1787124605527024,-710,-360
0,COLOR,1787124605557921,1787124605561065,1787124605576687,92,,1787124605560712,1787124605560349,-720,-370
0,COLOR,1787124605591254,1787124605594400,1787124605609975,93,,1787124605594045,1787124605593678,-730,-370
0,COLOR,1787124605624583,1787124605627731,1787124605643609,94,,1787124605627373,1787124605627002,-730,-370
0,COLOR,1787124605657923,1787124605661074,1787124605676532,95,,1787124605660713,1787124605660338,-740,-380
0,COLOR,1787124605691247,1787124605694400,1787124605710043,96,,1787124605694037,1787124605693658,-750,-380
0,COLOR,1787124605724585,1787124605727740,1787124605743637,97,,1787124605727374,1787124605726992,-750,-380
0,COLOR,1787124605757920,1787124605761077,1787124605776543,98,,1787124605760709,1787124605760323,-750,-380
0,COLOR,1787124605791253,1787124605794412,1787124605809924,99,,1787124605794043,1787124605793653,-760,-390
0,COLOR,1787124605824589,1787124605827750,1787124605843286,100,,1787124605827377,1787124605826984,-770,-390
0,COLOR,1787124605857920,1787124605861083,1787124605876600,101,,1787124605860709,1787124605860312,-770,-390
0,COLOR,1787124605891254,1787124605894419,1787124605910112,102,,1787124605894043,1787124605860312,-34100,-33730
0,COLOR,1787124605924589,1787124605927756,1787124605943290,103,,1787124605927376,1787124605926971,-780,-400
0,COLOR,1787124605957922,1787124605961091,1787124605976597,104,,1787124605960710,1787124605960301,-790,-410
0,COLOR,1787124605991261,1787124605994432,1787124606009928,105,,1787124605994049,1787124605993637,-800,-410
0,COLOR,1787124606024590,1787124606027764,1787124606043283,106,,1787124606027377,1787124606026961,-800,-410
0,COLOR,1787124606057921,1787124606061097,1787124606076713,107,,1787124606060708,1787124606060288,-810,-420
0,COLOR,1787124606091256,1787124606094434,1787124606109968,108,,1787124606094042,1787124606093618,-820,-430
0,COLOR,1787124606124589,1787124606127769,1787124606143489,109,,1787124606127375,1787124606127373,-390,0
0,COLOR,1787124606157917,1787124606161099,1787124606177177,110,,1787124606160703,1787124606160699,-400,-10
0,COLOR,1787124606191255,1787124606194412,1787124606210360,111,,1787124606194268,1787124606194034,-380,-230
0,COLOR,1787124606224588,1787124606227747,1787124606243662,112,,1787124606227603,1787124606227366,-380,-240
0,COLOR,1787124606257931,1787124606261091,1787124606276833,113,,1787124606260947,1787124606260707,-390,-240
0,COLOR,1787124606291267,1787124606294430,1787124606310496,114,,1787124606294283,1787124606294040,-390,-240
0,COLOR,1787124606324593,1787124606327758,1787124606343576,115,,1787124606327610,1787124606327364,-390,-250
0,COLOR,1787124606357932,1787124606361099,1787124606376921,116,,1787124606360950,1787124606360701,-390,-250
0,COLOR,1787124606391261,1787124606394429,1787124606410424,117,,1787124606394280,1787124606394029,-400,-260
0,COLOR,1787124606424605,1787124606427775,1787124606443603,118,,1787124606427624,1787124606427370,-400,-250
0,COLOR,1787124606457923,1787124606461096,1787124606477158,119,,1787124606460943,1787124606460687,-410,-260
0,COLOR,1787124606491258,1787124606494432,1787124606510500,120,,1787124606494279,1787124606494019,-420,-260
0,COLOR,1787124606524627,1787124606527803,1787124606543906,121,,1787124606527648,1787124606527386,-420,-260
0,COLOR,1787124606557951,1787124606561129,1787124606576959,122,,1787124606560973,1787124606560708,-420,-270
0,COLOR,1787124606591257,1787124606594437,1787124606610174,123,,1787124606594281,1787124606594013,-420,-270
0,COLOR,1787124606624594,1787124606627776,1787124606643273,124,,1787124606627618,1787124606627347,-430,-270
0,COLOR,1787124606657925,1787124606661109,1787124606676858,125,,1787124606660950,1787124606660676,-430,-280
0,COLOR,1787124606691259,1787124606694445,1787124606710271,126,,1787124606694285,1787124606694009,-440,-280
0,COLOR,1787124606724591,1787124606727779,1787124606743475,127,,1787124606727617,1787124606727338,-440,-280
0,COLOR,1787124606757924,1787124606761114,1787124606776995,128,,1787124606760951,1787124606760669,-450,-290
0,COLOR,1787124606791266,1787124606794458,1787124606810292,129,,1787124606794294,1787124606760669,-33790,-33630
0,COLOR,1787124606824595,1787124606827789,1787124606843746,130,,1787124606827624,1787124606827336,-450,-290
0,COLOR,1787124606857953,1787124606861149,1787124606877310,131,,1787124606860982,1787124606860692,-450,-290
0,COLOR,1787124606891283,1787124606894481,1787124606910282,132,,1787124606894313,1787124606894020,-460,-290
0,COLOR,1787124606924595,1787124606927795,1787124606943642,133,,1787124606927626,1787124606927330,-460,-290
0,COLOR,1787124606957931,1787124606961133,1787124606976926,134,,1787124606960963,1787124606960664,-470,-300
0,COLOR,1787124606991261,1787124606994465,1787124607010464,135,,1787124606994294,1787124606993993,-470,-300
0,COLOR,1787124606991261,1787124606994465,1787124607043811,136,,1787124607027630,1787124607027325,32860,-310
0,COLOR,1787124607057929,1787124607061137,1787124607076860,137,,1787124607060963,1787124607060655,-480,-310
0,COLOR,1787124607091261,1787124607094471,1787124607110223,138,,1787124607094296,1787124607093986,-490,-310
0,COLOR,1787124607124600,1787124607127812,1787124607143256,139,,1787124607127636,1787124607127322,-490,-310
0,COLOR,1787124607157928,1787124607161142,1787124607176817,140,,1787124607160965,1787124607160822,-320,-140
0,COLOR,1787124607191268,1787124607194357,1787124607209992,141,,1787124607194330,1787124607194160,-190,-170
0,COLOR,1787124607224590,1787124607227681,1787124607243588,142,,1787124607227653,1787124607227481,-200,-170
0,COLOR,1787124607257930,1787124607261022,1787124607276931,143,,1787124607260994,1787124607260820,-200,-170
0,COLOR,1787124607291296,1787124607294389,1787124607310411,144,,1787124607294361,1787124607294185,-200,-180
0,COLOR,1787124607324603,1787124607327698,1787124607343553,145,,1787124607294361,1787124607327490,-200,33130
0,COLOR,1787124607357936,1787124607361032,1787124607377278,146,,1787124607361002,1787124607360821,-210,-180
0,COLOR,1787124607391270,1787124607394368,1787124607410240,147,,1787124607394337,1787124607394154,-210,-180
0,COLOR,1787124607424608,1787124607427707,1787124607443744,148,,1787124607427677,1787124607427491,-210,-180
0,COLOR,1787124607457936,1787124607461037,1787124607476885,149,,1787124607427677,1787124607460819,-220,33140
0,COLOR,1787124607491268,1787124607494370,1787124607510287,150,,1787124607461006,1787124607494148,-230,33140
0,COLOR,1787124607524606,1787124607527710,1787124607543527,151,,1787124607494337,1787124607527485,-230,33150
0,COLOR,1787124607557930,1787124607561035,1787124607576874,152,,1787124607561002,1787124607560808,-230,-200
0,COLOR,1787124607591276,1787124607594383,1787124607610237,153,,1787124607594348,1787124607594152,-230,-190
0,COLOR,1787124607624607,1787124607627715,1787124607643633,154,,1787124607627680,1787124607627482,-230,-200
0,COLOR,1787124607657937,1787124607661047,1787124607676967,155,,1787124607661011,1787124607660811,-230,-200
0,COLOR,1787124607691267,1787124607694378,1787124607710468,156,,1787124607694342,1787124607694139,-240,-210
0,COLOR,1787124607724625,1787124607727738,1787124607743282,157,,1787124607727702,1787124607727490,-240,-210
1,DEPTH,1787124602757473,1787124602759088,1787124602781683,9,,,,,
1,DEPTH,1787124602790807,1787124602792409,1787124602814870,10,,,,,
1,DEPTH,1787124602824135,1787124602825725,1787124602848337,11,,,,,
1,DEPTH,1787124602859065,1787124602860642,1787124602883314,12,,,,,
1,DEPTH,1787124602890800,1787124602892366,1787124602915007,13,,,,,
1,DEPTH,1787124602924130,1787124602925684,1787124602948713,14,,,,,
1,DEPTH,1787124602957465,1787124602959006,1787124602981707,15,,,,,
1,DEPTH,1787124602990799,1787124602992328,1787124603014986,16,,,,,
1,DEPTH,1787124603024135,1787124603025652,1787124603048333,17,,,,,
1,DEPTH,1787124603057466,1787124603058971,1787124603081931,18,,,,,
1,DEPTH,1787124603090798,1787124603092291,1787124603114954,19,,,,,
1,DEPTH,1787124603124138,1787124603125618,1787124603148753,20,,,,,
1,DEPTH,1787124603157465,1787124603160249,1787124603181713,21,,,,,
1,DEPTH,1787124603190800,1787124603193580,1787124603215008,22,,,,,
1,DEPTH,1787124603224140,1787124603226918,1787124603248371,23,,,,,
1,DEPTH,1787124603257469,1787124603260243,1787124603281936,24,,,,,
1,DEPTH,1787124603290802,1787124603293573,1787124603314998,25,,,,,
1,DEPTH,1787124603324134,1787124603326902,1787124603348338,26,,,,,
1,DEPTH,1787124603357468,1787124603360233,1787124603381988,27,,,,,
1,DEPTH,1787124603390802,1787124603393563,1787124603415023,28,,,,,
1,DEPTH,1787124603424137,1787124603426895,1787124603448594,29,,,,,
1,DEPTH,1787124603457469,1787124603460224,1787124603481651,30,,,,,
1,DEPTH,1787124603490804,1787124603493556,1787124603515028,31,,,,,
1,DEPTH,1787124603524137,1787124603526886,1787124603548316,32,,,,,
1,DEPTH,1787124603557469,1787124603560214,1787124603581621,33,,,,,
1,DEPTH,1787124603590802,1787124603593544,1787124603614985,34,,,,,
1,DEPTH,1787124603624138,1787124603626877,1787124603648338,35,,,,,
1,DEPTH,1787124603657475,1787124603660211,1787124603682043,36,,,,,
1,DEPTH,1787124603690815,1787124603693548,1787124603714776,37,,,,,
1,DEPTH,1787124603724134,1787124603726863,1787124603748531,38,,,,,
1,DEPTH,1787124603757471,1787124603760197,1787124603781641,39,,,,,
1,DEPTH,1787124603790804,1787124603793527,1787124603814977,40,,,,,
1,DEPTH,1787124603824141,1787124603826861,1787124603848337,41,,,,,
1,DEPTH,1787124603857473,1787124603860190,1787124603881750,42,,,,,
1,DEPTH,1787124603890803,1787124603893516,1787124603915011,43,,,,,
1,DEPTH,1787124603924139,1787124603926849,1787124603948588,44,,,,,
1,DEPTH,1787124603957475,1787124603960182,1787124603981542,45,,,,,
1,DEPTH,1787124603990808,1787124603993512,1787124604015009,46,,,,,
1,DEPTH,1787124604024140,1787124604026841,1787124604048496,47,,,,,
1,DEPTH,1787124604057476,1787124604060173,1787124604081292,48,,,,,
1,DEPTH,1787124604090810,1787124604093504,1787124604115038,49,,,,,
1,DEPTH,1787124604124143,1787124604126834,1787124604148336,50,,,,,
1,DEPTH,1787124604157470,1787124604160608,1787124604181840,51,,,,,
1,DEPTH,1787124604190809,1787124604193946,1787124604215046,52,,,,,
1,DEPTH,1787124604224142,1787124604227279,1787124604248525,53,,,,,
1,DEPTH,1787124604257477,1787124604260613,1787124604281936,54,,,,,
1,DEPTH,1787124604290810,1787124604293945,1787124604315053,55,,,,,
1,DEPTH,1787124604324151,1787124604327286,1787124604348429,56,,,,,
1,DEPTH,1787124604357486,1787124604360620,1787124604381701,57,,,,,
1,DEPTH,1787124604390823,1787124604393957,1787124604414985,58,,,,,
1,DEPTH,1787124604424150,1787124604427283,1787124604448439,59,,,,,
1,DEPTH,1787124604457480,1787124604460612,1787124604481874,60,,,,,
1,DEPTH,1787124604490813,1787124604493945,1787124604515012,61,,,,,
1,DEPTH,1787124604524153,1787124604527284,1787124604548454,62,,,,,
1,DEPTH,1787124604557480,1787124604560611,1787124604581841,63,,,,,
1,DEPTH,1787124604590822,1787124604593952,1787124604614867,64,,,,,
1,DEPTH,1787124604624146,1787124604627276,1787124604648158,65,,,,,
1,DEPTH,1787124604657476,1787124604660605,1787124604681589,66,,,,,
1,DEPTH,1787124604690825,1787124604693953,1787124604715061,67,,,,,
1,DEPTH,1787124604724151,1787124604727279,1787124604748500,68,,,,,
1,DEPTH,1787124604757477,1787124604760604,1787124604781705,69,,,,,
1,DEPTH,1787124604790815,1787124604793942,1787124604814871,70,,,,,
1,DEPTH,1787124604824150,1787124604827276,1787124604848060,71,,,,,
1,DEPTH,1787124604857487,1787124604860613,1787124604881454,72,,,,,
1,DEPTH,1787124604890817,1787124604893942,1787124604914769,73,,,,,
1,DEPTH,1787124604924161,1787124604927285,1787124604948073,74,,,,,
1,DEPTH,1787124604957484,1787124604960608,1787124604981374,75,,,,,
1,DEPTH,1787124604990826,1787124604993949,1787124605014708,76,,,,,
1,DEPTH,1787124605024160,1787124605027283,1787124605048058,77,,,,,
1,DEPTH,1787124605057488,1787124605060610,1787124605081742,78,,,,,
1,DEPTH,1787124605090819,1787124605093941,1787124605114828,79,,,,,
1,DEPTH,1787124605124161,1787124605127282,1787124605148035,80,,,,,
1,DEPTH,1787124605157481,1787124605160647,1787124605183790,81,,,,,
1,DEPTH,1787124605190819,1787124605193985,1787124605215008,82,,,,,
1,DEPTH,1787124605224157,1787124605227322,1787124605248436,83,,,,,
1,DEPTH,1787124605257490,1787124605260655,1787124605281813,84,,,,,
1,DEPTH,1787124605290823,1787124605293988,1787124605315074,85,,,,,
1,DEPTH,1787124605324157,1787124605327321,1787124605348376,86,,,,,
1,DEPTH,1787124605357492,1787124605360656,1787124605381996,87,,,,,
1,DEPTH,1787124605390832,1787124605393996,1787124605414967,88,,,,,
1,DEPTH,1787124605424162,1787124605427325,1787124605448392,89,,,,,
1,DEPTH,1787124605457492,1787124605460655,1787124605481856,90,,,,,
1,DEPTH,1787124605490824,1787124605493987,1787124605515091,91,,,,,
1,DEPTH,1787124605524162,1787124605527324,1787124605548384,92,,,,,
1,DEPTH,1787124605557492,1787124605560654,1787124605581594,93,,,,,
1,DEPTH,1787124605590825,1787124605593987,1787124605614747,94,,,,,
1,DEPTH,1787124605624154,1787124605627315,1787124605648110,95,,,,,
1,DEPTH,1787124605657494,1787124605660655,1787124605681497,96,,,,,
1,DEPTH,1787124605690818,1787124605693979,1787124605714838,97,,,,,
1,DEPTH,1787124605724156,1787124605727316,1787124605748619,98,,,,,
1,DEPTH,1787124605757492,1787124605760652,1787124605781702,99,,,,,
1,DEPTH,1787124605790825,1787124605793985,1787124605814956,100,,,,,
1,DEPTH,1787124605824161,1787124605827320,1787124605848542,101,,,,,
1,DEPTH,1787124605857492,1787124605860651,1787124605881729,102,,,,,
1,DEPTH,1787124605890826,1787124605893984,1787124605915014,103,,,,,
1,DEPTH,1787124605924161,1787124605927319,1787124605948575,104,,,,,
1,DEPTH,1787124605957494,1787124605960652,1787124605982007,105,,,,,
1,DEPTH,1787124605990834,1787124605993992,1787124606015043,106,,,,,
1,DEPTH,1787124606024162,1787124606027319,1787124606048579,107,,,,,
1,DEPTH,1787124606057493,1787124606060650,1787124606081557,108,,,,,
1,DEPTH,1787124606090828,1787124606093985,1787124606115017,109,,,,,
1,DEPTH,1787124606124161,1787124606127317,1787124606148232,110,,,,,
1,DEPTH,1787124606157490,1787124606160646,1787124606181695,111,,,,,
1,DEPTH,1787124606190827,1787124606194210,1787124606214729,112,,,,,
1,DEPTH,1787124606224161,1787124606227545,1787124606248299,113,,,,,
1,DEPTH,1787124606257504,1787124606260889,1787124606281609,114,,,,,
1,DEPTH,1787124606290840,1787124606294225,1787124606314740,115,,,,,
1,DEPTH,1787124606324166,1787124606327552,1787124606348044,116,,,,,
1,DEPTH,1787124606357505,1787124606360892,1787124606381696,117,,,,,
1,DEPTH,1787124606390834,1787124606394221,1787124606414707,118,,,,,
1,DEPTH,1787124606424178,1787124606427566,1787124606448074,119,,,,,
1,DEPTH,1787124606457497,1787124606460886,1787124606481438,120,,,,,
1,DEPTH,1787124606490831,1787124606494221,1787124606514710,121,,,,,
1,DEPTH,1787124606524201,1787124606527591,1787124606548105,122,,,,,
1,DEPTH,1787124606557524,1787124606560915,1787124606581451,123,,,,,
1,DEPTH,1787124606590831,1787124606594223,1787124606615061,124,,,,,
1,DEPTH,1787124606624168,1787124606627560,1787124606648697,125,,,,,
1,DEPTH,1787124606657499,1787124606660892,1787124606681842,126,,,,,
1,DEPTH,1787124606690833,1787124606694227,1787124606714986,127,,,,,
1,DEPTH,1787124606690833,1787124606694227,1787124606748179,128,,,,,
1,DEPTH,1787124606757498,1787124606760893,1787124606781567,129,,,,,
1,DEPTH,1787124606790841,1787124606794237,1787124606814706,130,,,,,
1,DEPTH,1787124606824169,1787124606827566,1787124606848053,131,,,,,
1,DEPTH,1787124606857527,1787124606860924,1787124606881443,132,,,,,
1,DEPTH,1787124606890857,1787124606894255,1787124606914715,133,,,,,
1,DEPTH,1787124606924169,1787124606927568,1787124606948197,134,,,,,
1,DEPTH,1787124606957506,1787124606960905,1787124606981471,135,,,,,
1,DEPTH,1787124606990836,1787124606994236,1787124607014737,136,,,,,
1,DEPTH,1787124607024171,1787124607027572,1787124607048244,137,,,,,
1,DEPTH,1787124607057503,1787124607060904,1787124607081763,138,,,,,
1,DEPTH,1787124607090836,1787124607094238,1787124607114828,139,,,,,
1,DEPTH,1787124607124175,1787124607127578,1787124607148258,140,,,,,
1,DEPTH,1787124607157503,1787124607160906,1787124607181439,141,,,,,
1,DEPTH,1787124607190843,1787124607194272,1787124607215086,142,,,,,
1,DEPTH,1787124607224165,1787124607227595,1787124607248156,143,,,,,
1,DEPTH,1787124607257506,1787124607260937,1787124607281414,144,,,,,
1,DEPTH,1787124607290872,1787124607294304,1787124607314817,145,,,,,
1,DEPTH,1787124607324178,1787124607327610,1787124607348299,146,,,,,
1,DEPTH,1787124607357511,1787124607360944,1787124607381513,147,,,,,
1,DEPTH,1787124607390845,1787124607394279,1787124607414793,148,,,,,
1,DEPTH,1787124607424184,1787124607427619,1787124607448133,149,,,,,
1,DEPTH,1787124607457512,1787124607460947,1787124607481497,150,,,,,
1,DEPTH,1787124607490844,1787124607494280,1787124607514785,151,,,,,
1,DEPTH,1787124607524182,1787124607527619,1787124607548308,152,,,,,
1,DEPTH,1787124607557506,1787124607560944,1787124607581659,153,,,,,
1,DEPTH,1787124607590852,1787124607594291,1787124607614994,154,,,,,
1,DEPTH,1787124607624183,1787124607627623,1787124607648166,155,,,,,
1,DEPTH,1787124607657513,1787124607660953,1787124607681757,156,,,,,
1,DEPTH,1787124607690843,1787124607694284,1787124607714741,157,,,,,
1,DEPTH,1787124607724202,1787124607727644,1787124607748123,158,,,,,
1,COLOR,1787124602757531,1787124602759145,1787124602776584,8,,,,,
1,COLOR,1787124602790865,1787124602792467,1787124602810234,9,,,,,
1,COLOR,1787124602824193,1787124602825783,1787124602843267,10,,,,,
1,COLOR,1787124602859123,1787124602860700,1787124602878366,11,,,,,
1,COLOR,1787124602890857,1787124602892423,1787124602909886,12,,,,,
1,COLOR,1787124602924187,1787124602925740,1787124602943521,13,,,,,
1,COLOR,1787124602957523,1787124602959064,1787124602976834,14,,,,,
1,COLOR,1787124602990856,1787124602992385,1787124603009924,15,,,,,
1,COLOR,1787124603024193,1787124603025710,1787124603043234,16,,,,,
1,COLOR,1787124603057524,1787124603059029,1787124603076697,17,,,,,
1,COLOR,1787124603090856,1787124603092348,1787124603110065,18,,,,,
1,COLOR,1787124603124195,1787124603125675,1787124603143369,19,,,,,
1,COLOR,1787124603157523,1787124603160307,1787124603176805,20,,,,,
1,COLOR,1787124603190857,1787124603193638,1787124603209916,21,,,,,
1,COLOR,1787124603224197,1787124603226974,1787124603243375,22,,,,,
1,COLOR,1787124603257526,1787124603260300,1787124603276688,23,,,,,
1,COLOR,1787124603290860,1787124603293631,1787124603310053,24,,,,,
1,COLOR,1787124603324191,1787124603326959,1787124603343380,25,,,,,
1,COLOR,1787124603357526,1787124603360291,1787124603376722,26,,,,,
1,COLOR,1787124603390859,1787124603393620,1787124603410007,27,,,,,
1,COLOR,1787124603424194,1787124603426952,1787124603443237,28,,,,,
1,COLOR,1787124603457527,1787124603460282,1787124603476597,29,,,,,
1,COLOR,1787124603490861,1787124603493613,1787124603509948,30,,,,,
1,COLOR,1787124603524194,1787124603526943,1787124603543232,31,,,,,
1,COLOR,1787124603557527,1787124603560273,1787124603576518,32,,,,,
1,COLOR,1787124603590860,1787124603593602,1787124603610088,33,,,,,
1,COLOR,1787124603624196,1787124603626935,1787124603643237,34,,,,,
1,COLOR,1787124603657533,1787124603660269,1787124603676627,35,,,,,
1,COLOR,1787124603690873,1787124603693606,1787124603710107,36,,,,,
1,COLOR,1787124603724191,1787124603726920,1787124603743958,37,,,,,
1,COLOR,1787124603757529,1787124603760255,1787124603777372,38,,,,,
1,COLOR,1787124603790862,1787124603793585,1787124603809928,39,,,,,
1,COLOR,1787124603824199,1787124603826919,1787124603843261,40,,,,,
1,COLOR,1787124603857531,1787124603860247,1787124603876746,41,,,,,
1,COLOR,1787124603890861,1787124603893574,1787124603909933,42,,,,,
1,COLOR,1787124603924197,1787124603926907,1787124603943292,43,,,,,
1,COLOR,1787124603957532,1787124603960239,1787124603976588,44,,,,,
1,COLOR,1787124603990865,1787124603993569,1787124604009926,45,,,,,
1,COLOR,1787124604024198,1787124604026899,1787124604043228,46,,,,,
1,COLOR,1787124604057534,1787124604060231,1787124604076964,47,,,,,
1,COLOR,1787124604090867,1787124604093561,1787124604109902,48,,,,,
1,COLOR,1787124604124201,1787124604126892,1787124604143725,49,,,,,
1,COLOR,1787124604157528,1787124604160216,1787124604176574,50,,,,,
1,COLOR,1787124604190867,1787124604194004,1787124604210093,51,,,,,
1,COLOR,1787124604224200,1787124604227336,1787124604243262,52,,,,,
1,COLOR,1787124604257534,1787124604260670,1787124604277385,53,,,,,
1,COLOR,1787124604290868,1787124604294003,1787124604310456,54,,,,,
1,COLOR,1787124604324209,1787124604327344,1787124604343623,55,,,,,
1,COLOR,1787124604357544,1787124604360678,1787124604376639,56,,,,,
1,COLOR,1787124604390881,1787124604394015,1787124604410281,57,,,,,
1,COLOR,1787124604424207,1787124604427340,1787124604443296,58,,,,,
1,COLOR,1787124604457538,1787124604460670,1787124604476708,59,,,,,
1,COLOR,1787124604490871,1787124604494003,1787124604510049,60,,,,,
1,COLOR,1787124604524211,1787124604527342,1787124604543331,61,,,,,
1,COLOR,1787124604557538,1787124604560669,1787124604576662,62,,,,,
1,COLOR,1787124604590880,1787124604594010,1787124604609850,63,,,,,
1,COLOR,1787124604624203,1787124604627333,1787124604643543,64,,,,,
1,COLOR,1787124604657534,1787124604660663,1787124604676963,65,,,,,
1,COLOR,1787124604690882,1787124604694010,1787124604710219,66,,,,,
1,COLOR,1787124604724208,1787124604727336,1787124604743786,67,,,,,
1,COLOR,1787124604757534,1787124604760661,1787124604776769,68,,,,,
1,COLOR,1787124604790873,1787124604794000,1787124604809860,69,,,,,
1,COLOR,1787124604824208,1787124604827334,1787124604843334,70,,,,,
1,COLOR,1787124604857545,1787124604860670,1787124604876572,71,,,,,
1,COLOR,1787124604890875,1787124604894000,1787124604910019,72,,,,,
1,COLOR,1787124604924218,1787124604927342,1787124604943255,73,,,,,
1,COLOR,1787124604957542,1787124604960666,1787124604976612,74,,,,,
1,COLOR,1787124604990883,1787124604994006,1787124605009921,75,,,,,
1,COLOR,1787124605024218,1787124605027341,1787124605043267,76,,,,,
1,COLOR,1787124605057546,1787124605060668,1787124605076927,77,,,,,
1,COLOR,1787124605090876,1787124605093997,1787124605110111,78,,,,,
1,COLOR,1787124605124219,1787124605127340,1787124605143376,79,,,,,
1,COLOR,1787124605157538,1787124605160658,1787124605176929,80,,,,,
1,COLOR,1787124605190877,1787124605194043,1787124605209892,81,,,,,
1,COLOR,1787124605224214,1787124605227379,1787124605243236,82,,,,,
1,COLOR,1787124605257547,1787124605260712,1787124605276913,83,,,,,
1,COLOR,1787124605290881,1787124605294046,1787124605310108,84,,,,,
1,COLOR,1787124605324215,1787124605327379,1787124605343211,85,,,,,
1,COLOR,1787124605357549,1787124605360713,1787124605377064,86,,,,,
1,COLOR,1787124605390890,1787124605394054,1787124605410118,87,,,,,
1,COLOR,1787124605424220,1787124605427383,1787124605443258,88,,,,,
1,COLOR,1787124605457550,1787124605460713,1787124605476628,89,,,,,
1,COLOR,1787124605490881,1787124605494044,1787124605509936,90,,,,,
1,COLOR,1787124605524220,1787124605527382,1787124605543436,91,,,,,
1,COLOR,1787124605557550,1787124605560712,1787124605576868,92,,,,,
1,COLOR,1787124605590883,1787124605594045,1787124605610054,93,,,,,
1,COLOR,1787124605624212,1787124605627373,1787124605643382,94,,,,,
1,COLOR,1787124605657552,1787124605660713,1787124605676659,95,,,,,
1,COLOR,1787124605690876,1787124605694037,1787124605710381,96,,,,,
1,COLOR,1787124605724214,1787124605727374,1787124605743656,97,,,,,
1,COLOR,1787124605757549,1787124605760709,1787124605776567,98,,,,,
1,COLOR,1787124605790883,1787124605794043,1787124605810101,99,,,,,
1,COLOR,1787124605824218,1787124605827377,1787124605843233,100,,,,,
1,COLOR,1787124605857550,1787124605860709,1787124605876694,101,,,,,
1,COLOR,1787124605890884,1787124605894043,1787124605910222,102,,,,,
1,COLOR,1787124605924218,1787124605927376,1787124605943414,103,,,,,
1,COLOR,1787124605957552,1787124605960710,1787124605976578,104,,,,,
1,COLOR,1787124605990891,1787124605994049,1787124606009931,105,,,,,
1,COLOR,1787124606024220,1787124606027377,1787124606043280,106,,,,,
1,COLOR,1787124606057551,1787124606060708,1787124606077077,107,,,,,
1,COLOR,1787124606090886,1787124606094042,1787124606110264,108,,,,,
1,COLOR,1787124606124219,1787124606127375,1787124606143238,109,,,,,
1,COLOR,1787124606157547,1787124606160703,1787124606176557,110,,,,,
1,COLOR,1787124606190885,1787124606194268,1787124606209887,111,,,,,
1,COLOR,1787124606224219,1787124606227603,1787124606243692,112,,,,,
1,COLOR,1787124606257562,1787124606260947,1787124606276758,113,,,,,
1,COLOR,1787124606290898,1787124606294283,1787124606310237,114,,,,,
1,COLOR,1787124606324224,1787124606327610,1787124606343370,115,,,,,
1,COLOR,1787124606357563,1787124606360950,1787124606376696,116,,,,,
1,COLOR,1787124606390892,1787124606394280,1787124606410056,117,,,,,
1,COLOR,1787124606424236,1787124606427624,1787124606443246,118,,,,,
1,COLOR,1787124606457554,1787124606460943,1787124606477006,119,,,,,
1,COLOR,1787124606490889,1787124606494279,1787124606510116,120,,,,,
1,COLOR,1787124606524258,1787124606527648,1787124606543430,121,,,,,
1,COLOR,1787124606557582,1787124606560973,1787124606576725,122,,,,,
1,COLOR,1787124606590889,1787124606594281,1787124606610083,123,,,,,
1,COLOR,1787124606624226,1787124606627618,1787124606643227,124,,,,,
1,COLOR,1787124606657557,1787124606660950,1787124606676881,125,,,,,
1,COLOR,1787124606690891,1787124606694285,1787124606710012,126,,,,,
1,COLOR,1787124606724223,1787124606727617,1787124606743323,127,,,,,
1,COLOR,1787124606757556,1787124606760951,1787124606778361,128,,,,,
1,COLOR,1787124606790898,1787124606794294,1787124606810293,129,,,,,
1,COLOR,1787124606824227,1787124606827624,1787124606843481,130,,,,,
1,COLOR,1787124606857585,1787124606860982,1787124606876758,131,,,,,
1,COLOR,1787124606890915,1787124606894313,1787124606909981,132,,,,,
1,COLOR,1787124606924227,1787124606927626,1787124606943251,133,,,,,
1,COLOR,1787124606957564,1787124606960963,1787124606976703,134,,,,,
1,COLOR,1787124606990894,1787124606994294,1787124607009883,135,,,,,
1,COLOR,1787124607024229,1787124607027630,1787124607043412,136,,,,,
1,COLOR,1787124607057561,1787124607060963,1787124607076713,137,,,,,
1,COLOR,1787124607090894,1787124607094296,1787124607109905,138,,,,,
1,COLOR,1787124607124233,1787124607127636,1787124607143450,139,,,,,
1,COLOR,1787124607157561,1787124607160965,1787124607176531,140,,,,,
1,COLOR,1787124607190901,1787124607194330,1787124607210197,141,,,,,
1,COLOR,1787124607224223,1787124607227653,1787124607243226,142,,,,,
1,COLOR,1787124607257563,1787124607260994,1787124607276594,143,,,,,
1,COLOR,1787124607290930,1787124607294361,1787124607309932,144,,,,,
1,COLOR,1787124607290930,1787124607294361,1787124607343440,145,,,,,
1,COLOR,1787124607357569,1787124607361002,1787124607376799,146,,,,,
1,COLOR,1787124607390903,1787124607394337,1787124607410112,147,,,,,
1,COLOR,1787124607424242,1787124607427677,1787124607443281,148,,,,,
1,COLOR,1787124607424242,1787124607427677,1787124607476798,149,,,,,
1,COLOR,1787124607457570,1787124607461006,1787124607510122,150,,,,,
1,COLOR,1787124607490901,1787124607494337,1787124607543425,151,,,,,
1,COLOR,1787124607557564,1787124607561002,1787124607576587,152,,,,,
1,COLOR,1787124607590909,1787124607594348,1787124607610115,153,,,,,
1,COLOR,1787124607624241,1787124607627680,1787124607643277,154,,,,,
1,COLOR,1787124607657571,1787124607661011,1787124607676985,155,,,,,
1,COLOR,1787124607690901,1787124607694342,1787124607709914,156,,,,,
1,COLOR,1787124607724260,1787124607727702,1787124607743241,157,,,,,
2,DEPTH,1787124602759246,1787124602757953,1787124602780136,9,,,,,
2,DEPTH,1787124602792580,1787124602791261,1787124602813225,10,,,,,
2,DEPTH,1787124602825908,1787124602824563,1787124602846796,11,,,,,
2,DEPTH,1787124602859247,1787124602857875,1787124602880272,12,,,,,
2,DEPTH,1787124602892583,1787124602891185,1787124602913607,13,,,,,
2,DEPTH,1787124602925914,1787124602924490,1787124602947037,14,,,,,
2,DEPTH,1787124602959249,1787124602957798,1787124602980268,15,,,,,
2,DEPTH,1787124602992583,1787124602991106,1787124603013704,16,,,,,
2,DEPTH,1787124603025920,1787124603024417,1787124603046890,17,,,,,
2,DEPTH,1787124603059251,1787124603057722,1787124603080094,18,,,,,
2,DEPTH,1787124603092584,1787124603091028,1787124603113684,19,,,,,
2,DEPTH,1787124603125923,1787124603126320,1787124603147071,20,,,,,
2,DEPTH,1787124603159250,1787124603159635,1787124603180108,21,,,,,
2,DEPTH,1787124603192585,1787124603192958,1787124603213594,22,,,,,
2,DEPTH,1787124603225926,1787124603226287,1787124603246919,23,,,,,
2,DEPTH,1787124603259255,1787124603259604,1787124603280280,24,,,,,
2,DEPTH,1787124603292588,1787124603292926,1787124603313596,25,,,,,
2,DEPTH,1787124603325920,1787124603326246,1787124603346896,26,,,,,
2,DEPTH,1787124603359255,1787124603359569,1787124603380424,27,,,,,
2,DEPTH,1787124603392589,1787124603392891,1787124603413512,28,,,,,
2,DEPTH,1787124603425924,1787124603426214,1787124603447079,29,,,,,
2,DEPTH,1787124603459256,1787124603459534,1787124603480233,30,,,,,
2,DEPTH,1787124603492591,1787124603492857,1787124603513596,31,,,,,
2,DEPTH,1787124603525924,1787124603526179,1787124603546883,32,,,,,
2,DEPTH,1787124603559257,1787124603559500,1787124603580191,33,,,,,
2,DEPTH,1787124603592590,1787124603592821,1787124603613469,34,,,,,
2,DEPTH,1787124603625927,1787124603626146,1787124603646907,35,,,,,
2,DEPTH,1787124603659264,1787124603659471,1787124603680444,36,,,,,
2,DEPTH,1787124603692604,1787124603692799,1787124603713275,37,,,,,
2,DEPTH,1787124603725923,1787124603726107,1787124603746761,38,,,,,
2,DEPTH,1787124603759261,1787124603759433,1787124603780205,39,,,,,
2,DEPTH,1787124603792594,1787124603792754,1787124603813212,40,,,,,
2,DEPTH,1787124603825931,1787124603826079,1787124603846451,41,,,,,
2,DEPTH,1787124603859263,1787124603859399,1787124603880279,42,,,,,
2,DEPTH,1787124603892594,1787124603892718,1787124603913572,43,,,,,
2,DEPTH,1787124603925930,1787124603926042,1787124603946889,44,,,,,
2,DEPTH,1787124603959265,1787124603959366,1787124603979970,45,,,,,
2,DEPTH,1787124603992598,1787124603992687,1787124604013610,46,,,,,
2,DEPTH,1787124604025932,1787124604026009,1787124604047033,47,,,,,
2,DEPTH,1787124604059267,1787124604059332,1787124604079880,48,,,,,
2,DEPTH,1787124604092601,1787124604092654,1787124604113585,49,,,,,
2,DEPTH,1787124604125935,1787124604126853,1787124604146767,50,,,,,
2,DEPTH,1787124604159262,1787124604160174,1787124604180413,51,,,,,
2,DEPTH,1787124604192602,1787124604193507,1787124604213595,52,,,,,
2,DEPTH,1787124604225935,1787124604226834,1787124604246915,53,,,,,
2,DEPTH,1787124604259269,1787124604260162,1787124604280411,54,,,,,
2,DEPTH,1787124604292603,1787124604293489,1787124604313571,55,,,,,
2,DEPTH,1787124604325944,1787124604326824,1787124604346867,56,,,,,
2,DEPTH,1787124604359279,1787124604360152,1787124604380225,57,,,,,
2,DEPTH,1787124604392617,1787124604393484,1787124604413473,58,,,,,
2,DEPTH,1787124604425943,1787124604426804,1787124604446890,59,,,,,
2,DEPTH,1787124604459274,1787124604460128,1787124604480409,60,,,,,
2,DEPTH,1787124604492607,1787124604493454,1787124604513616,61,,,,,
2,DEPTH,1787124604525947,1787124604526788,1787124604546972,62,,,,,
2,DEPTH,1787124604559275,1787124604560110,1787124604580246,63,,,,,
2,DEPTH,1787124604559275,1787124604560110,1787124604613769,64,,,,,
2,DEPTH,1787124604625941,1787124604626763,1787124604646740,65,,,,,
2,DEPTH,1787124604659271,1787124604660086,1787124604680206,66,,,,,
2,DEPTH,1787124604692620,1787124604693429,1787124604713469,67,,,,,
2,DEPTH,1787124604725946,1787124604726749,1787124604746782,68,,,,,
2,DEPTH,1787124604759272,1787124604760068,1787124604780188,69,,,,,
2,DEPTH,1787124604792611,1787124604793401,1787124604813504,70,,,,,
2,DEPTH,1787124604825946,1787124604826729,1787124604846871,71,,,,,
2,DEPTH,1787124604859284,1787124604860061,1787124604880214,72,,,,,
2,DEPTH,1787124604892614,1787124604893384,1787124604913555,73,,,,,
2,DEPTH,1787124604925957,1787124604926721,1787124604946922,74,,,,,
2,DEPTH,1787124604959281,1787124604960039,1787124604980182,75,,,,,
2,DEPTH,1787124604992623,1787124604993374,1787124605013552,76,,,,,
2,DEPTH,1787124605025957,1787124605026702,1787124605046912,77,,,,,
2,DEPTH,1787124605059286,1787124605060025,1787124605079790,78,,,,,
2,DEPTH,1787124605092616,1787124605093348,1787124605113443,79,,,,,
2,DEPTH,1787124605125959,1787124605127068,1787124605147002,80,,,,,
2,DEPTH,1787124605159279,1787124605160383,1787124605180130,81,,,,,
2,DEPTH,1787124605192617,1787124605193717,1787124605213560,82,,,,,
2,DEPTH,1787124605225955,1787124605227051,1787124605246897,83,,,,,
2,DEPTH,1787124605259289,1787124605260380,1787124605280209,84,,,,,
2,DEPTH,1787124605292622,1787124605293709,1787124605313231,85,,,,,
2,DEPTH,1787124605325956,1787124605327039,1787124605346868,86,,,,,
2,DEPTH,1787124605359291,1787124605360369,1787124605380164,87,,,,,
2,DEPTH,1787124605392632,1787124605393706,1787124605413555,88,,,,,
2,DEPTH,1787124605425962,1787124605427031,1787124605446912,89,,,,,
2,DEPTH,1787124605459292,1787124605460357,1787124605480223,90,,,,,
2,DEPTH,1787124605492624,1787124605493685,1787124605513574,91,,,,,
2,DEPTH,1787124605525963,1787124605527019,1787124605546880,92,,,,,
2,DEPTH,1787124605559293,1787124605560345,1787124605580625,93,,,,,
2,DEPTH,1787124605592626,1787124605593674,1787124605613481,94,,,,,
2,DEPTH,1787124605625955,1787124605626999,1787124605647011,95,,,,,
2,DEPTH,1787124605659296,1787124605660335,1787124605680338,96,,,,,
2,DEPTH,1787124605692620,1787124605693655,1787124605713660,97,,,,,
2,DEPTH,1787124605725958,1787124605726988,1787124605746730,98,,,,,
2,DEPTH,1787124605759294,1787124605760320,1787124605780229,99,,,,,
2,DEPTH,1787124605792627,1787124605793649,1787124605813142,100,,,,,
2,DEPTH,1787124605825963,1787124605826980,1787124605846895,101,,,,,
2,DEPTH,1787124605859295,1787124605860308,1787124605880397,102,,,,,
2,DEPTH,1787124605892629,1787124605893638,1787124605913524,103,,,,,
2,DEPTH,1787124605925964,1787124605926968,1787124605946853,104,,,,,
2,DEPTH,1787124605959297,1787124605960297,1787124605980427,105,,,,,
2,DEPTH,1787124605992637,1787124605993632,1787124606013536,106,,,,,
2,DEPTH,1787124606025966,1787124606026957,1787124606046875,107,,,,,
2,DEPTH,1787124606059297,1787124606060284,1787124606080047,108,,,,,
2,DEPTH,1787124606092632,1787124606093615,1787124606113610,109,,,,,
2,DEPTH,1787124606125966,1787124606127369,1787124606146771,110,,,,,
2,DEPTH,1787124606159294,1787124606160695,1787124606180000,111,,,,,
2,DEPTH,1787124606192632,1787124606194031,1787124606213410,112,,,,,
2,DEPTH,1787124606225966,1787124606227362,1787124606246691,113,,,,,
2,DEPTH,1787124606259309,1787124606260703,1787124606280303,114,,,,,
2,DEPTH,1787124606292645,1787124606294036,1787124606313799,115,,,,,
2,DEPTH,1787124606325972,1787124606327361,1787124606346922,116,,,,,
2,DEPTH,1787124606359311,1787124606360698,1787124606380182,117,,,,,
2,DEPTH,1787124606392640,1787124606394024,1787124606413542,118,,,,,
2,DEPTH,1787124606425984,1787124606427366,1787124606446902,119,,,,,
2,DEPTH,1787124606459303,1787124606460683,1787124606480229,120,,,,,
2,DEPTH,1787124606492638,1787124606494015,1787124606513543,121,,,,,
2,DEPTH,1787124606526008,1787124606527383,1787124606546882,122,,,,,
2,DEPTH,1787124606559331,1787124606560704,1787124606580220,123,,,,,
2,DEPTH,1787124606592638,1787124606594008,1787124606613722,124,,,,,
2,DEPTH,1787124606625976,1787124606627344,1787124606646760,125,,,,,
2,DEPTH,1787124606659306,1787124606660672,1787124606680375,126,,,,,
2,DEPTH,1787124606692641,1787124606694005,1787124606713283,127,,,,,
2,DEPTH,1787124606692641,1787124606694005,1787124606746808,128,,,,,
2,DEPTH,1787124606759306,1787124606760665,1787124606780279,129,,,,,
2,DEPTH,1787124606792649,1787124606794006,1787124606813054,130,,,,,
2,DEPTH,1787124606825978,1787124606827332,1787124606846862,131,,,,,
2,DEPTH,1787124606859336,1787124606860688,1787124606880414,132,,,,,
2,DEPTH,1787124606892666,1787124606894016,1787124606913671,133,,,,,
2,DEPTH,1787124606925979,1787124606927326,1787124606946927,134,,,,,
2,DEPTH,1787124606959316,1787124606960661,1787124606980258,135,,,,,
2,DEPTH,1787124606992646,1787124606993989,1787124607013539,136,,,,,
2,DEPTH,1787124607025981,1787124607027321,1787124607047054,137,,,,,
2,DEPTH,1787124607059314,1787124607060652,1787124607080120,138,,,,,
2,DEPTH,1787124607092647,1787124607093983,1787124607113558,139,,,,,
2,DEPTH,1787124607125985,1787124607127491,1787124607147222,140,,,,,
2,DEPTH,1787124607159314,1787124607160818,1787124607180314,141,,,,,
2,DEPTH,1787124607192655,1787124607194157,1787124607213209,142,,,,,
2,DEPTH,1787124607225977,1787124607227478,1787124607246696,143,,,,,
2,DEPTH,1787124607259317,1787124607260816,1787124607280309,144,,,,,
2,DEPTH,1787124607292683,1787124607294181,1787124607313738,145,,,,,
2,DEPTH,1787124607325990,1787124607327486,1787124607346834,146,,,,,
2,DEPTH,1787124607359324,1787124607360818,1787124607380265,147,,,,,
2,DEPTH,1787124607392658,1787124607394151,1787124607413634,148,,,,,
2,DEPTH,1787124607425996,1787124607427487,1787124607446975,149,,,,,
2,DEPTH,1787124607459325,1787124607460815,1787124607480462,150,,,,,
2,DEPTH,1787124607492656,1787124607494144,1787124607513564,151,,,,,
2,DEPTH,1787124607525995,1787124607527482,1787124607546903,152,,,,,
2,DEPTH,1787124607559320,1787124607560805,1787124607580317,153,,,,,
2,DEPTH,1787124607592665,1787124607594148,1787124607613743,154,,,,,
2,DEPTH,1787124607625997,1787124607627479,1787124607646854,155,,,,,
2,DEPTH,1787124607659327,1787124607660807,1787124607680122,156,,,,,
2,DEPTH,1787124607692657,1787124607694136,1787124607713260,157,,,,,
2,DEPTH,1787124607726009,1787124607727486,1787124607746695,158,,,,,
2,COLOR,1787124602759257,1787124602757964,1787124602776765,9,,,,,
2,COLOR,1787124602792591,1787124602791272,1787124602810248,10,,,,,
2,COLOR,1787124602825919,1787124602824574,1787124602843335,11,,,,,
2,COLOR,1787124602859259,1787124602857887,1787124602876872,12,,,,,
2,COLOR,1787124602892594,1787124602891196,1787124602910630,13,,,,,
2,COLOR,1787124602925925,1787124602924501,1787124602944147,14,,,,,
2,COLOR,1787124602959260,1787124602957809,1787124602977194,15,,,,,
2,COLOR,1787124602992594,1787124602991117,1787124603010059,16,,,,,
2,COLOR,1787124603025931,1787124603024428,1787124603043346,17,,,,,
2,COLOR,1787124603059262,1787124603057733,1787124603076790,18,,,,,
2,COLOR,1787124603092595,1787124603091039,1787124603109972,19,,,,,
2,COLOR,1787124603125934,1787124603126331,1787124603143390,20,,,,,
2,COLOR,1787124603159262,1787124603159647,1787124603176551,21,,,,,
2,COLOR,1787124603192596,1787124603192969,1787124603211361,22,,,,,
2,COLOR,1787124603225937,1787124603226298,1787124603243280,23,,,,,
2,COLOR,1787124603259266,1787124603259615,1787124603276709,24,,,,,
2,COLOR,1787124603292599,1787124603292937,1787124603309952,25,,,,,
2,COLOR,1787124603325931,1787124603326257,1787124603343553,26,,,,,
2,COLOR,1787124603359266,1787124603359580,1787124603376747,27,,,,,
2,COLOR,1787124603392600,1787124603392902,1787124603409963,28,,,,,
2,COLOR,1787124603425935,1787124603426225,1787124603443604,29,,,,,
2,COLOR,1787124603459267,1787124603459545,1787124603476815,30,,,,,
2,COLOR,1787124603492602,1787124603492868,1787124603510666,31,,,,,
2,COLOR,1787124603525936,1787124603526191,1787124603543775,32,,,,,
2,COLOR,1787124603559269,1787124603559512,1787124603576577,33,,,,,
2,COLOR,1787124603592602,1787124603592833,1787124603610279,34,,,,,
2,COLOR,1787124603625938,1787124603626157,1787124603643528,35,,,,,
2,COLOR,1787124603659275,1787124603659482,1787124603676606,36,,,,,
2,COLOR,1787124603692615,1787124603692810,1787124603709952,37,,,,,
2,COLOR,1787124603725934,1787124603726118,1787124603744113,38,,,,,
2,COLOR,1787124603759272,1787124603759444,1787124603776817,39,,,,,
2,COLOR,1787124603792605,1787124603792765,1787124603810081,40,,,,,
2,COLOR,1787124603825942,1787124603826090,1787124603843461,41,,,,,
2,COLOR,1787124603859275,1787124603859411,1787124603876731,42,,,,,
2,COLOR,1787124603892605,1787124603892729,1787124603909933,43,,,,,
2,COLOR,1787124603925941,1787124603926053,1787124603943580,44,,,,,
2,COLOR,1787124603959276,1787124603959377,1787124603976935,45,,,,,
2,COLOR,1787124603992610,1787124603992699,1787124604010469,46,,,,,
2,COLOR,1787124604025943,1787124604026020,1787124604043698,47,,,,,
2,COLOR,1787124604059278,1787124604059343,1787124604077064,48,,,,,
2,COLOR,1787124604092612,1787124604092665,1787124604109935,49,,,,,
2,COLOR,1787124604125946,1787124604126864,1787124604143744,50,,,,,
2,COLOR,1787124604159273,1787124604160185,1787124604176721,51,,,,,
2,COLOR,1787124604192613,1787124604193518,1787124604210074,52,,,,,
2,COLOR,1787124604225946,1787124604226845,1787124604243550,53,,,,,
2,COLOR,1787124604259280,1787124604260172,1787124604276631,54,,,,,
2,COLOR,1787124604292614,1787124604293500,1787124604310191,55,,,,,
2,COLOR,1787124604325955,1787124604326835,1787124604343731,56,,,,,
2,COLOR,1787124604359290,1787124604360163,1787124604376639,57,,,,,
2,COLOR,1787124604392628,1787124604393495,1787124604410520,58,,,,,
2,COLOR,1787124604425954,1787124604426814,1787124604443289,59,,,,,
2,COLOR,1787124604459285,1787124604460139,1787124604477131,60,,,,,
2,COLOR,1787124604492618,1787124604493465,1787124604510040,61,,,,,
2,COLOR,1787124604525958,1787124604526799,1787124604543445,62,,,,,
2,COLOR,1787124604559286,1787124604560121,1787124604576942,63,,,,,
2,COLOR,1787124604592628,1787124604593456,1787124604610153,64,,,,,
2,COLOR,1787124604625944,1787124604626766,1787124604643371,65,,,,,
2,COLOR,1787124604659275,1787124604660090,1787124604676965,66,,,,,
2,COLOR,1787124604692624,1787124604693433,1787124604710113,67,,,,,
2,COLOR,1787124604725950,1787124604726753,1787124604743293,68,,,,,
2,COLOR,1787124604759276,1787124604760072,1787124604777034,69,,,,,
2,COLOR,1787124604792615,1787124604793405,1787124604810177,70,,,,,
2,COLOR,1787124604825950,1787124604826733,1787124604843652,71,,,,,
2,COLOR,1787124604859287,1787124604860064,1787124604876920,72,,,,,
2,COLOR,1787124604892618,1787124604893388,1787124604910444,73,,,,,
2,COLOR,1787124604925961,1787124604926725,1787124604943605,74,,,,,
2,COLOR,1787124604959285,1787124604960043,1787124604976977,75,,,,,
2,COLOR,1787124604992627,1787124604993378,1787124605010252,76,,,,,
2,COLOR,1787124605025961,1787124605026706,1787124605043775,77,,,,,
2,COLOR,1787124605059290,1787124605060029,1787124605077226,78,,,,,
2,COLOR,1787124605092620,1787124605093352,1787124605109999,79,,,,,
2,COLOR,1787124605125963,1787124605127072,1787124605143312,80,,,,,
2,COLOR,1787124605159282,1787124605160386,1787124605176991,81,,,,,
2,COLOR,1787124605192621,1787124605193721,1787124605210459,82,,,,,
2,COLOR,1787124605225959,1787124605227055,1787124605243588,83,,,,,
2,COLOR,1787124605259292,1787124605260383,1787124605277239,84,,,,,
2,COLOR,1787124605292626,1787124605293713,1787124605310443,85,,,,,
2,COLOR,1787124605325960,1787124605327043,1787124605343758,86,,,,,
2,COLOR,1787124605359295,1787124605360373,1787124605377117,87,,,,,
2,COLOR,1787124605392635,1787124605393709,1787124605410131,88,,,,,
2,COLOR,1787124605425965,1787124605427035,1787124605443585,89,,,,,
2,COLOR,1787124605459296,1787124605460361,1787124605476936,90,,,,,
2,COLOR,1787124605492628,1787124605493689,1787124605510207,91,,,,,
2,COLOR,1787124605525967,1787124605527024,1787124605543609,92,,,,,
2,COLOR,1787124605559297,1787124605560349,1787124605576927,93,,,,,
2,COLOR,1787124605592630,1787124605593678,1787124605610018,94,,,,,
2,COLOR,1787124605625959,1787124605627002,1787124605643636,95,,,,,
2,COLOR,1787124605659299,1787124605660338,1787124605676761,96,,,,,
2,COLOR,1787124605692623,1787124605693658,1787124605710123,97,,,,,
2,COLOR,1787124605725962,1787124605726992,1787124605743657,98,,,,,
2,COLOR,1787124605759297,1787124605760323,1787124605777082,99,,,,,
2,COLOR,1787124605792631,1787124605793653,1787124605810216,100,,,,,
2,COLOR,1787124605825967,1787124605826984,1787124605843631,101,,,,,
2,COLOR,1787124605859299,1787124605860312,1787124605877154,102,,,,,
2,COLOR,1787124605859299,1787124605860312,1787124605910650,103,,,,,
2,COLOR,1787124605925967,1787124605926971,1787124605943991,104,,,,,
2,COLOR,1787124605959301,1787124605960301,1787124605977163,105,,,,,
2,COLOR,1787124605992641,1787124605993637,1787124606010258,106,,,,,
2,COLOR,1787124606025970,1787124606026961,1787124606043583,107,,,,,
2,COLOR,1787124606059301,1787124606060288,1787124606076812,108,,,,,
2,COLOR,1787124606092636,1787124606093618,1787124606110211,109,,,,,
2,COLOR,1787124606125970,1787124606127373,1787124606143406,110,,,,,
2,COLOR,1787124606159298,1787124606160699,1787124606176866,111,,,,,
2,COLOR,1787124606192636,1787124606194034,1787124606210530,112,,,,,
2,COLOR,1787124606225970,1787124606227366,1787124606243685,113,,,,,
2,COLOR,1787124606259313,1787124606260707,1787124606276786,114,,,,,
2,COLOR,1787124606292649,1787124606294040,1787124606310326,115,,,,,
2,COLOR,1787124606325975,1787124606327364,1787124606343628,116,,,,,
2,COLOR,1787124606359314,1787124606360701,1787124606376977,117,,,,,
2,COLOR,1787124606392644,1787124606394029,1787124606410404,118,,,,,
2,COLOR,1787124606425988,1787124606427370,1787124606443640,119,,,,,
2,COLOR,1787124606459307,1787124606460687,1787124606477208,120,,,,,
2,COLOR,1787124606492641,1787124606494019,1787124606510473,121,,,,,
2,COLOR,1787124606526011,1787124606527386,1787124606543716,122,,,,,
2,COLOR,1787124606559335,1787124606560708,1787124606577051,123,,,,,
2,COLOR,1787124606592642,1787124606594013,1787124606610226,124,,,,,
2,COLOR,1787124606625979,1787124606627347,1787124606643362,125,,,,,
2,COLOR,1787124606659310,1787124606660676,1787124606676770,126,,,,,
2,COLOR,1787124606692645,1787124606694009,1787124606710247,127,,,,,
2,COLOR,1787124606725977,1787124606727338,1787124606743476,128,,,,,
2,COLOR,1787124606759310,1787124606760669,1787124606777017,129,,,,,
2,COLOR,1787124606759310,1787124606760669,1787124606810502,130,,,,,
2,COLOR,1787124606825982,1787124606827336,1787124606843761,131,,,,,
2,COLOR,1787124606859340,1787124606860692,1787124606877132,132,,,,,
2,COLOR,1787124606892670,1787124606894020,1787124606910224,133,,,,,
2,COLOR,1787124606925983,1787124606927330,1787124606943625,134,,,,,
2,COLOR,1787124606959319,1787124606960664,1787124606977076,135,,,,,
2,COLOR,1787124606992650,1787124606993993,1787124607010432,136,,,,,
2,COLOR,1787124607025985,1787124607027325,1787124607043828,137,,,,,
2,COLOR,1787124607059317,1787124607060655,1787124607076851,138,,,,,
2,COLOR,1787124607092650,1787124607093986,1787124607110402,139,,,,,
2,COLOR,1787124607125989,1787124607127322,1787124607143376,140,,,,,
2,COLOR,1787124607159318,1787124607160822,1787124607176921,141,,,,,
2,COLOR,1787124607192658,1787124607194160,1787124607210353,142,,,,,
2,COLOR,1787124607225980,1787124607227481,1787124607243868,143,,,,,
2,COLOR,1787124607259321,1787124607260820,1787124607277176,144,,,,,
2,COLOR,1787124607292687,1787124607294185,1787124607310548,145,,,,,
2,COLOR,1787124607325994,1787124607327490,1787124607343672,146,,,,,
2,COLOR,1787124607359327,1787124607360821,1787124607377199,147,,,,,
2,COLOR,1787124607392661,1787124607394154,1787124607410315,148,,,,,
2,COLOR,1787124607426000,1787124607427491,1787124607443657,149,,,,,
2,COLOR,1787124607459329,1787124607460819,1787124607477071,150,,,,,
2,COLOR,1787124607492660,1787124607494148,1787124607510276,151,,,,,
2,COLOR,1787124607525998,1787124607527485,1787124607543793,152,,,,,
2,COLOR,1787124607559323,1787124607560808,1787124607576982,153,,,,,
2,COLOR,1787124607592669,1787124607594152,1787124607610269,154,,,,,
2,COLOR,1787124607626000,1787124607627482,1787124607643634,155,,,,,
2,COLOR,1787124607659331,1787124607660811,1787124607676784,156,,,,,
2,COLOR,1787124607692661,1787124607694139,1787124607710440,157,,,,,
2,COLOR,1787124607726013,1787124607727490,1787124607743353,158,,,,,
