groupId,deviceIndex,deviceSN,deviceTimestampUs,fileName
0,1,CV3T561000H0,1787132602037587,Device1_frame_000000_1787132602037587.png
1,0,CV3T561000B5,1787132602037518,Device0_frame_000000_1787132602037518.png
2,2,CPBG1630011D,1787132602040199,Device2_frame_000000_1787132602040199.png
3,0,CV3T561000B5,1787132602070847,Device0_frame_000001_1787132602070847.png
4,1,CV3T561000H0,1787132602070916,Device1_frame_000001_1787132602070916.png
5,2,CPBG1630011D,1787132602073532,Device2_frame_000001_1787132602073532.png
6,1,CV3T561000H0,1787132602104249,Device1_frame_000002_1787132602104249.png
7,0,CV3T561000B5,1787132602104180,Device0_frame_000002_1787132602104180.png
8,2,CPBG1630011D,1787132602106866,Device2_frame_000002_1787132602106866.png
9,0,CV3T561000B5,1787132602137515,Device0_frame_000003_1787132602137515.png
10,2,CPBG1630011D,1787132602140199,Device2_frame_000003_1787132602140199.png
11,1,CV3T561000H0,1787132602137584,Device1_frame_000003_1787132602137584.png
12,0,CV3T561000B5,1787132602170849,Device0_frame_000004_1787132602170849.png
13,1,CV3T561000H0,1787132602170918,Device1_frame_000004_1787132602170918.png
14,2,CPBG1630011D,1787132602173535,Device2_frame_000004_1787132602173535.png
15,0,CV3T561000B5,1787132602204188,Device0_frame_000005_1787132602204188.png
16,2,CPBG1630011D,1787132602206875,Device2_frame_000005_1787132602206875.png
17,1,CV3T561000H0,1787132602204257,Device1_frame_000005_1787132602204257.png
18,0,CV3T561000B5,1787132602237515,Device0_frame_000006_1787132602237515.png
19,1,CV3T561000H0,1787132602237585,Device1_frame_000006_1787132602237585.png
20,2,CPBG1630011D,1787132602240199,Device2_frame_000006_1787132602240199.png
21,1,CV3T561000H0,1787132602270918,Device1_frame_000007_1787132602270918.png
22,0,CV3T561000B5,1787132602270848,Device0_frame_000007_1787132602270848.png
23,2,CPBG1630011D,1787132602273535,Device2_frame_000007_1787132602273535.png
24,0,CV3T561000B5,1787132602304182,Device0_frame_000008_1787132602304182.png
25,1,CV3T561000H0,1787132602304251,Device1_frame_000008_1787132602304251.png
26,2,CPBG1630011D,1787132602306869,Device2_frame_000008_1787132602306869.png
27,0,CV3T561000B5,1787132602337515,Device0_frame_000009_1787132602337515.png
28,2,CPBG1630011D,1787132602340199,Device2_frame_000009_1787132602340199.png
29,0,CV3T561000B5,1787132602370847,Device0_frame_000010_1787132602370847.png
30,1,CV3T561000H0,1787132602337585,Device1_frame_000009_1787132602337585.png
31,2,CPBG1630011D,1787132602373535,Device2_frame_000010_1787132602373535.png
32,1,CV3T561000H0,1787132602370917,Device1_frame_000010_1787132602370917.png
33,0,CV3T561000B5,1787132602404182,Device0_frame_000011_1787132602404182.png
34,1,CV3T561000H0,1787132602404252,Device1_frame_000011_1787132602404252.png
35,2,CPBG1630011D,1787132602406870,Device2_frame_000011_1787132602406870.png
36,1,CV3T561000H0,1787132602437585,Device1_frame_000012_1787132602437585.png
37,0,CV3T561000B5,1787132602437515,Device0_frame_000012_1787132602437515.png
38,2,CPBG1630011D,1787132602440199,Device2_frame_000012_1787132602440199.png
39,1,CV3T561000H0,1787132602470928,Device1_frame_000013_1787132602470928.png
40,0,CV3T561000B5,1787132602470857,Device0_frame_000013_1787132602470857.png
41,2,CPBG1630011D,1787132602473547,Device2_frame_000013_1787132602473547.png
42,2,CPBG1630011D,1787132602506873,Device2_frame_000014_1787132602506873.png
43,1,CV3T561000H0,1787132602504254,Device1_frame_000014_1787132602504254.png
44,0,CV3T561000B5,1787132602504183,Device0_frame_000014_1787132602504183.png
45,1,CV3T561000H0,1787132602537585,Device1_frame_000015_1787132602537585.png
46,0,CV3T561000B5,1787132602537515,Device0_frame_000015_1787132602537515.png
47,2,CPBG1630011D,1787132602540199,Device2_frame_000015_1787132602540199.png
48,1,CV3T561000H0,1787132602570924,Device1_frame_000016_1787132602570924.png
49,0,CV3T561000B5,1787132602570854,Device0_frame_000016_1787132602570854.png
50,2,CPBG1630011D,1787132602573544,Device2_frame_000016_1787132602573544.png
51,2,CPBG1630011D,1787132602606879,Device2_frame_000017_1787132602606879.png
52,1,CV3T561000H0,1787132602604259,Device1_frame_000017_1787132602604259.png
53,0,CV3T561000B5,1787132602604189,Device0_frame_000017_1787132602604189.png
54,2,CPBG1630011D,1787132602640209,Device2_frame_000018_1787132602640209.png
55,1,CV3T561000H0,1787132602637589,Device1_frame_000018_1787132602637589.png
56,0,CV3T561000B5,1787132602637518,Device0_frame_000018_1787132602637518.png
57,2,CPBG1630011D,1787132602673543,Device2_frame_000019_1787132602673543.png
58,1,CV3T561000H0,1787132602670923,Device1_frame_000019_1787132602670923.png
59,0,CV3T561000B5,1787132602670852,Device0_frame_000019_1787132602670852.png
60,1,CV3T561000H0,1787132602704256,Device1_frame_000020_1787132602704256.png
61,0,CV3T561000B5,1787132602704185,Device0_frame_000020_1787132602704185.png
62,2,CPBG1630011D,1787132602706876,Device2_frame_000020_1787132602706876.png
63,0,CV3T561000B5,1787132602737520,Device0_frame_000021_1787132602737520.png
64,2,CPBG1630011D,1787132602740212,Device2_frame_000021_1787132602740212.png
65,1,CV3T561000H0,1787132602737591,Device1_frame_000021_1787132602737591.png
66,0,CV3T561000B5,1787132602770851,Device0_frame_000022_1787132602770851.png
67,1,CV3T561000H0,1787132602770921,Device1_frame_000022_1787132602770921.png
68,2,CPBG1630011D,1787132602773542,Device2_frame_000022_1787132602773542.png
69,2,CPBG1630011D,1787132602806881,Device2_frame_000023_1787132602806881.png
70,1,CV3T561000H0,1787132602804260,Device1_frame_000023_1787132602804260.png
71,0,CV3T561000B5,1787132602804189,Device0_frame_000023_1787132602804189.png
72,0,CV3T561000B5,1787132602837533,Device0_frame_000024_1787132602837533.png
73,2,CPBG1630011D,1787132602840226,Device2_frame_000024_1787132602840226.png
74,1,CV3T561000H0,1787132602837604,Device1_frame_000024_1787132602837604.png
75,2,CPBG1630011D,1787132602873548,Device2_frame_000025_1787132602873548.png
76,1,CV3T561000H0,1787132602870927,Device1_frame_000025_1787132602870927.png
77,0,CV3T561000B5,1787132602870856,Device0_frame_000025_1787132602870856.png
78,2,CPBG1630011D,1787132602906879,Device2_frame_000026_1787132602906879.png
79,0,CV3T561000B5,1787132602904186,Device0_frame_000026_1787132602904186.png
80,1,CV3T561000H0,1787132602904258,Device1_frame_000026_1787132602904258.png
81,0,CV3T561000B5,1787132602937523,Device0_frame_000027_1787132602937523.png
82,2,CPBG1630011D,1787132602940217,Device2_frame_000027_1787132602940217.png
83,1,CV3T561000H0,1787132602937595,Device1_frame_000027_1787132602937595.png
84,0,CV3T561000B5,1787132602970853,Device0_frame_000028_1787132602970853.png
85,1,CV3T561000H0,1787132602970924,Device1_frame_000028_1787132602970924.png
86,2,CPBG1630011D,1787132602973547,Device2_frame_000028_1787132602973547.png
87,1,CV3T561000H0,1787132603004269,Device1_frame_000029_1787132603004269.png
88,2,CPBG1630011D,1787132603006891,Device2_frame_000029_1787132603006891.png
89,0,CV3T561000B5,1787132603004197,Device0_frame_000029_1787132603004197.png
90,2,CPBG1630011D,1787132603040218,Device2_frame_000030_1787132603040218.png
91,0,CV3T561000B5,1787132603037524,Device0_frame_000030_1787132603037524.png
92,1,CV3T561000H0,1787132603037595,Device1_frame_000030_1787132603037595.png
93,2,CPBG1630011D,1787132603073563,Device2_frame_000031_1787132603073563.png
94,0,CV3T561000B5,1787132603070868,Device0_frame_000031_1787132603070868.png
95,1,CV3T561000H0,1787132603070940,Device1_frame_000031_1787132603070940.png
96,2,CPBG1630011D,1787132603106886,Device2_frame_000032_1787132603106886.png
97,0,CV3T561000B5,1787132603104191,Device0_frame_000032_1787132603104191.png
98,1,CV3T561000H0,1787132603104263,Device1_frame_000032_1787132603104263.png
99,2,CPBG1630011D,1787132603140229,Device2_frame_000033_1787132603140229.png
100,0,CV3T561000B5,1787132603137534,Device0_frame_000033_1787132603137534.png
101,1,CV3T561000H0,1787132603137606,Device1_frame_000033_1787132603137606.png
102,2,CPBG1630011D,1787132603173557,Device2_frame_000034_1787132603173557.png
103,0,CV3T561000B5,1787132603170862,Device0_frame_000034_1787132603170862.png
104,1,CV3T561000H0,1787132603170934,Device1_frame_000034_1787132603170934.png
105,2,CPBG1630011D,1787132603206885,Device2_frame_000035_1787132603206885.png
106,1,CV3T561000H0,1787132603204262,Device1_frame_000035_1787132603204262.png
107,0,CV3T561000B5,1787132603204190,Device0_frame_000035_1787132603204190.png
108,0,CV3T561000B5,1787132603237525,Device0_frame_000036_1787132603237525.png
109,2,CPBG1630011D,1787132603240221,Device2_frame_000036_1787132603240221.png
110,1,CV3T561000H0,1787132603237597,Device1_frame_000036_1787132603237597.png
111,2,CPBG1630011D,1787132603273565,Device2_frame_000037_1787132603273565.png
112,0,CV3T561000B5,1787132603270869,Device0_frame_000037_1787132603270869.png
113,1,CV3T561000H0,1787132603270941,Device1_frame_000037_1787132603270941.png
114,2,CPBG1630011D,1787132603305213,Device2_frame_000038_1787132603305213.png
115,0,CV3T561000B5,1787132603304191,Device0_frame_000038_1787132603304191.png
116,1,CV3T561000H0,1787132603304263,Device1_frame_000038_1787132603304263.png
117,2,CPBG1630011D,1787132603338554,Device2_frame_000039_1787132603338554.png
118,0,CV3T561000B5,1787132603337532,Device0_frame_000039_1787132603337532.png
119,1,CV3T561000H0,1787132603337604,Device1_frame_000039_1787132603337604.png
120,2,CPBG1630011D,1787132603373547,Device2_frame_000040_1787132603373547.png
121,1,CV3T561000H0,1787132603370929,Device1_frame_000040_1787132603370929.png
122,0,CV3T561000B5,1787132603370857,Device0_frame_000040_1787132603370857.png
123,2,CPBG1630011D,1787132603406879,Device2_frame_000041_1787132603406879.png
124,1,CV3T561000H0,1787132603404262,Device1_frame_000041_1787132603404262.png
125,0,CV3T561000B5,1787132603404189,Device0_frame_000041_1787132603404189.png
126,1,CV3T561000H0,1787132603438089,Device1_frame_000042_1787132603438089.png
127,2,CPBG1630011D,1787132603440707,Device2_frame_000042_1787132603440707.png
128,0,CV3T561000B5,1787132603438016,Device0_frame_000042_1787132603438016.png
129,2,CPBG1630011D,1787132603473551,Device2_frame_000043_1787132603473551.png
130,0,CV3T561000B5,1787132603470861,Device0_frame_000043_1787132603470861.png
131,1,CV3T561000H0,1787132603470933,Device1_frame_000043_1787132603470933.png
132,0,CV3T561000B5,1787132603504193,Device0_frame_000044_1787132603504193.png
133,2,CPBG1630011D,1787132603506884,Device2_frame_000044_1787132603506884.png
134,1,CV3T561000H0,1787132603504266,Device1_frame_000044_1787132603504266.png
135,2,CPBG1630011D,1787132603540220,Device2_frame_000045_1787132603540220.png
136,0,CV3T561000B5,1787132603537529,Device0_frame_000045_1787132603537529.png
137,1,CV3T561000H0,1787132603537601,Device1_frame_000045_1787132603537601.png
138,1,CV3T561000H0,1787132603570945,Device1_frame_000046_1787132603570945.png
139,2,CPBG1630011D,1787132603573563,Device2_frame_000046_1787132603573563.png
140,0,CV3T561000B5,1787132603570872,Device0_frame_000046_1787132603570872.png
141,0,CV3T561000B5,1787132603604205,Device0_frame_000047_1787132603604205.png
142,2,CPBG1630011D,1787132603606897,Device2_frame_000047_1787132603606897.png
143,1,CV3T561000H0,1787132603604278,Device1_frame_000047_1787132603604278.png
144,1,CV3T561000H0,1787132603604278,Device1_frame_000048_1787132603604278.png
145,2,CPBG1630011D,1787132603640233,Device2_frame_000048_1787132603640233.png
146,0,CV3T561000B5,1787132603637541,Device0_frame_000048_1787132603637541.png
147,2,CPBG1630011D,1787132603673554,Device2_frame_000049_1787132603673554.png
148,0,CV3T561000B5,1787132603670862,Device0_frame_000049_1787132603670862.png
149,1,CV3T561000H0,1787132603670935,Device1_frame_000049_1787132603670935.png
150,2,CPBG1630011D,1787132603706886,Device2_frame_000050_1787132603706886.png
151,0,CV3T561000B5,1787132603704193,Device0_frame_000050_1787132603704193.png
152,1,CV3T561000H0,1787132603670935,Device1_frame_000050_1787132603670935.png
153,2,CPBG1630011D,1787132603740225,Device2_frame_000051_1787132603740225.png
154,1,CV3T561000H0,1787132603737606,Device1_frame_000051_1787132603737606.png
155,0,CV3T561000B5,1787132603737533,Device0_frame_000051_1787132603737533.png
156,2,CPBG1630011D,1787132603773556,Device2_frame_000052_1787132603773556.png
157,0,CV3T561000B5,1787132603770862,Device0_frame_000052_1787132603770862.png
158,1,CV3T561000H0,1787132603770936,Device1_frame_000052_1787132603770936.png
159,2,CPBG1630011D,1787132603806886,Device2_frame_000053_1787132603806886.png
160,0,CV3T561000B5,1787132603804192,Device0_frame_000053_1787132603804192.png
161,1,CV3T561000H0,1787132603804265,Device1_frame_000053_1787132603804265.png
162,2,CPBG1630011D,1787132603840222,Device2_frame_000054_1787132603840222.png
163,1,CV3T561000H0,1787132603837602,Device1_frame_000054_1787132603837602.png
164,0,CV3T561000B5,1787132603837529,Device0_frame_000054_1787132603837529.png
165,2,CPBG1630011D,1787132603873552,Device2_frame_000055_1787132603873552.png
166,0,CV3T561000B5,1787132603870858,Device0_frame_000055_1787132603870858.png
167,1,CV3T561000H0,1787132603870932,Device1_frame_000055_1787132603870932.png
168,2,CPBG1630011D,1787132603906886,Device2_frame_000056_1787132603906886.png
169,0,CV3T561000B5,1787132603904192,Device0_frame_000056_1787132603904192.png
170,1,CV3T561000H0,1787132603904266,Device1_frame_000056_1787132603904266.png
171,1,CV3T561000H0,1787132603937599,Device1_frame_000057_1787132603937599.png
172,2,CPBG1630011D,1787132603940220,Device2_frame_000057_1787132603940220.png
173,0,CV3T561000B5,1787132603937525,Device0_frame_000057_1787132603937525.png
174,2,CPBG1630011D,1787132603973555,Device2_frame_000058_1787132603973555.png
175,1,CV3T561000H0,1787132603970934,Device1_frame_000058_1787132603970934.png
176,0,CV3T561000B5,1787132603970860,Device0_frame_000058_1787132603970860.png
177,2,CPBG1630011D,1787132604006904,Device2_frame_000059_1787132604006904.png
178,0,CV3T561000B5,1787132604004209,Device0_frame_000059_1787132604004209.png
179,1,CV3T561000H0,1787132604004283,Device1_frame_000059_1787132604004283.png
180,2,CPBG1630011D,1787132604040226,Device2_frame_000060_1787132604040226.png
181,1,CV3T561000H0,1787132604037605,Device1_frame_000060_1787132604037605.png
182,0,CV3T561000B5,1787132604037531,Device0_frame_000060_1787132604037531.png
183,2,CPBG1630011D,1787132604073561,Device2_frame_000061_1787132604073561.png
184,0,CV3T561000B5,1787132604070865,Device0_frame_000061_1787132604070865.png
185,1,CV3T561000H0,1787132604070939,Device1_frame_000061_1787132604070939.png
186,2,CPBG1630011D,1787132604106892,Device2_frame_000062_1787132604106892.png
187,1,CV3T561000H0,1787132604104270,Device1_frame_000062_1787132604104270.png
188,0,CV3T561000B5,1787132604104196,Device0_frame_000062_1787132604104196.png
189,2,CPBG1630011D,1787132604140228,Device2_frame_000063_1787132604140228.png
190,0,CV3T561000B5,1787132604137531,Device0_frame_000063_1787132604137531.png
191,1,CV3T561000H0,1787132604137605,Device1_frame_000063_1787132604137605.png
192,2,CPBG1630011D,1787132604173572,Device2_frame_000064_1787132604173572.png
193,1,CV3T561000H0,1787132604170950,Device1_frame_000064_1787132604170950.png
194,0,CV3T561000B5,1787132604170876,Device0_frame_000064_1787132604170876.png
195,2,CPBG1630011D,1787132604206893,Device2_frame_000065_1787132604206893.png
196,1,CV3T561000H0,1787132604204271,Device1_frame_000065_1787132604204271.png
197,0,CV3T561000B5,1787132604204197,Device0_frame_000065_1787132604204197.png
198,2,CPBG1630011D,1787132604240231,Device2_frame_000066_1787132604240231.png
199,0,CV3T561000B5,1787132604237534,Device0_frame_000066_1787132604237534.png
200,1,CV3T561000H0,1787132604237608,Device1_frame_000066_1787132604237608.png
201,2,CPBG1630011D,1787132604273558,Device2_frame_000067_1787132604273558.png
202,0,CV3T561000B5,1787132604270861,Device0_frame_000067_1787132604270861.png
203,1,CV3T561000H0,1787132604270935,Device1_frame_000067_1787132604270935.png
204,2,CPBG1630011D,1787132604306893,Device2_frame_000068_1787132604306893.png
205,1,CV3T561000H0,1787132604304269,Device1_frame_000068_1787132604304269.png
206,0,CV3T561000B5,1787132604304195,Device0_frame_000068_1787132604304195.png
207,2,CPBG1630011D,1787132604340225,Device2_frame_000069_1787132604340225.png
208,1,CV3T561000H0,1787132604337602,Device1_frame_000069_1787132604337602.png
209,0,CV3T561000B5,1787132604337527,Device0_frame_000069_1787132604337527.png
210,2,CPBG1630011D,1787132604373561,Device2_frame_000070_1787132604373561.png
211,0,CV3T561000B5,1787132604370862,Device0_frame_000070_1787132604370862.png
212,1,CV3T561000H0,1787132604337602,Device1_frame_000070_1787132604337602.png
213,2,CPBG1630011D,1787132604406894,Device2_frame_000071_1787132604406894.png
214,1,CV3T561000H0,1787132604404270,Device1_frame_000071_1787132604404270.png
215,0,CV3T561000B5,1787132604404195,Device0_frame_000071_1787132604404195.png
216,2,CPBG1630011D,1787132604440229,Device2_frame_000072_1787132604440229.png
217,0,CV3T561000B5,1787132604437530,Device0_frame_000072_1787132604437530.png
218,1,CV3T561000H0,1787132604437604,Device1_frame_000072_1787132604437604.png
219,2,CPBG1630011D,1787132604473564,Device2_frame_000073_1787132604473564.png
220,0,CV3T561000B5,1787132604470865,Device0_frame_000073_1787132604470865.png
221,1,CV3T561000H0,1787132604470940,Device1_frame_000073_1787132604470940.png
222,2,CPBG1630011D,1787132604506896,Device2_frame_000074_1787132604506896.png
223,0,CV3T561000B5,1787132604504197,Device0_frame_000074_1787132604504197.png
224,1,CV3T561000H0,1787132604470940,Device1_frame_000074_1787132604470940.png
225,2,CPBG1630011D,1787132604540229,Device2_frame_000075_1787132604540229.png
226,1,CV3T561000H0,1787132604537605,Device1_frame_000075_1787132604537605.png
227,0,CV3T561000B5,1787132604537530,Device0_frame_000075_1787132604537530.png
228,2,CPBG1630011D,1787132604573565,Device2_frame_000076_1787132604573565.png
229,1,CV3T561000H0,1787132604570940,Device1_frame_000076_1787132604570940.png
230,0,CV3T561000B5,1787132604570865,Device0_frame_000076_1787132604570865.png
231,2,CPBG1630011D,1787132604606902,Device2_frame_000077_1787132604606902.png
232,0,CV3T561000B5,1787132604604202,Device0_frame_000077_1787132604604202.png
233,1,CV3T561000H0,1787132604604277,Device1_frame_000077_1787132604604277.png
234,0,CV3T561000B5,1787132604637531,Device0_frame_000078_1787132604637531.png
235,2,CPBG1630011D,1787132604640232,Device2_frame_000078_1787132604640232.png
236,1,CV3T561000H0,1787132604637607,Device1_frame_000078_1787132604637607.png
237,2,CPBG1630011D,1787132604673570,Device2_frame_000079_1787132604673570.png
238,1,CV3T561000H0,1787132604670945,Device1_frame_000079_1787132604670945.png
239,0,CV3T561000B5,1787132604670869,Device0_frame_000079_1787132604670869.png
240,0,CV3T561000B5,1787132604704198,Device0_frame_000080_1787132604704198.png
241,2,CPBG1630011D,1787132604706899,Device2_frame_000080_1787132604706899.png
242,1,CV3T561000H0,1787132604704273,Device1_frame_000080_1787132604704273.png
243,0,CV3T561000B5,1787132604737531,Device0_frame_000081_1787132604737531.png
244,2,CPBG1630011D,1787132604740233,Device2_frame_000081_1787132604740233.png
245,1,CV3T561000H0,1787132604737607,Device1_frame_000081_1787132604737607.png
246,0,CV3T561000B5,1787132604770864,Device0_frame_000082_1787132604770864.png
247,1,CV3T561000H0,1787132604770940,Device1_frame_000082_1787132604770940.png
248,2,CPBG1630011D,1787132604773566,Device2_frame_000082_1787132604773566.png
249,0,CV3T561000B5,1787132604804199,Device0_frame_000083_1787132604804199.png
250,1,CV3T561000H0,1787132604804274,Device1_frame_000083_1787132604804274.png
251,2,CPBG1630011D,1787132604806901,Device2_frame_000083_1787132604806901.png
252,1,CV3T561000H0,1787132604837607,Device1_frame_000084_1787132604837607.png
253,0,CV3T561000B5,1787132604837532,Device0_frame_000084_1787132604837532.png
254,2,CPBG1630011D,1787132604840234,Device2_frame_000084_1787132604840234.png
255,1,CV3T561000H0,1787132604870942,Device1_frame_000085_1787132604870942.png
256,2,CPBG1630011D,1787132604873569,Device2_frame_000085_1787132604873569.png
257,0,CV3T561000B5,1787132604870866,Device0_frame_000085_1787132604870866.png
258,1,CV3T561000H0,1787132604904280,Device1_frame_000086_1787132604904280.png
259,0,CV3T561000B5,1787132604904204,Device0_frame_000086_1787132604904204.png
260,2,CPBG1630011D,1787132604906907,Device2_frame_000086_1787132604906907.png
261,1,CV3T561000H0,1787132604937612,Device1_frame_000087_1787132604937612.png
262,0,CV3T561000B5,1787132604937536,Device0_frame_000087_1787132604937536.png
263,2,CPBG1630011D,1787132604940240,Device2_frame_000087_1787132604940240.png
264,1,CV3T561000H0,1787132604970951,Device1_frame_000088_1787132604970951.png
265,2,CPBG1630011D,1787132604940240,Device2_frame_000088_1787132604940240.png
266,0,CV3T561000B5,1787132604937536,Device0_frame_000088_1787132604937536.png
267,2,CPBG1630011D,1787132605006903,Device2_frame_000089_1787132605006903.png
268,1,CV3T561000H0,1787132605004276,Device1_frame_000089_1787132605004276.png
269,0,CV3T561000B5,1787132605004199,Device0_frame_000089_1787132605004199.png
270,2,CPBG1630011D,1787132605040237,Device2_frame_000090_1787132605040237.png
271,1,CV3T561000H0,1787132605037610,Device1_frame_000090_1787132605037610.png
272,0,CV3T561000B5,1787132605037533,Device0_frame_000090_1787132605037533.png
273,2,CPBG1630011D,1787132605073576,Device2_frame_000091_1787132605073576.png
274,1,CV3T561000H0,1787132605070948,Device1_frame_000091_1787132605070948.png
275,0,CV3T561000B5,1787132605070872,Device0_frame_000091_1787132605070872.png
276,2,CPBG1630011D,1787132605106905,Device2_frame_000092_1787132605106905.png
277,0,CV3T561000B5,1787132605070872,Device0_frame_000092_1787132605070872.png
278,1,CV3T561000H0,1787132605104277,Device1_frame_000092_1787132605104277.png
279,0,CV3T561000B5,1787132605104200,Device0_frame_000093_1787132605104200.png
280,2,CPBG1630011D,1787132605140245,Device2_frame_000093_1787132605140245.png
281,1,CV3T561000H0,1787132605137616,Device1_frame_000093_1787132605137616.png
282,1,CV3T561000H0,1787132605170951,Device1_frame_000094_1787132605170951.png
283,0,CV3T561000B5,1787132605170874,Device0_frame_000094_1787132605170874.png
284,2,CPBG1630011D,1787132605173580,Device2_frame_000094_1787132605173580.png
285,2,CPBG1630011D,1787132605206909,Device2_frame_000095_1787132605206909.png
286,0,CV3T561000B5,1787132605204203,Device0_frame_000095_1787132605204203.png
287,1,CV3T561000H0,1787132605204280,Device1_frame_000095_1787132605204280.png
288,2,CPBG1630011D,1787132605240246,Device2_frame_000096_1787132605240246.png
289,1,CV3T561000H0,1787132605237617,Device1_frame_000096_1787132605237617.png
290,0,CV3T561000B5,1787132605237540,Device0_frame_000096_1787132605237540.png
291,2,CPBG1630011D,1787132605273576,Device2_frame_000097_1787132605273576.png
292,0,CV3T561000B5,1787132605270869,Device0_frame_000097_1787132605270869.png
293,1,CV3T561000H0,1787132605270946,Device1_frame_000097_1787132605270946.png
294,2,CPBG1630011D,1787132605306908,Device2_frame_000098_1787132605306908.png
295,0,CV3T561000B5,1787132605304202,Device0_frame_000098_1787132605304202.png
296,1,CV3T561000H0,1787132605304279,Device1_frame_000098_1787132605304279.png
297,2,CPBG1630011D,1787132605340242,Device2_frame_000099_1787132605340242.png
298,1,CV3T561000H0,1787132605337612,Device1_frame_000099_1787132605337612.png
299,0,CV3T561000B5,1787132605337535,Device0_frame_000099_1787132605337535.png
300,2,CPBG1630011D,1787132605373575,Device2_frame_000100_1787132605373575.png
301,1,CV3T561000H0,1787132605370945,Device1_frame_000100_1787132605370945.png
302,0,CV3T561000B5,1787132605370868,Device0_frame_000100_1787132605370868.png
303,2,CPBG1630011D,1787132605406910,Device2_frame_000101_1787132605406910.png
304,1,CV3T561000H0,1787132605404279,Device1_frame_000101_1787132605404279.png
305,0,CV3T561000B5,1787132605404202,Device0_frame_000101_1787132605404202.png
306,2,CPBG1630011D,1787132605440249,Device2_frame_000102_1787132605440249.png
307,1,CV3T561000H0,1787132605437618,Device1_frame_000102_1787132605437618.png
308,0,CV3T561000B5,1787132605437541,Device0_frame_000102_1787132605437541.png
309,2,CPBG1630011D,1787132605473579,Device2_frame_000103_1787132605473579.png
310,0,CV3T561000B5,1787132605470871,Device0_frame_000103_1787132605470871.png
311,1,CV3T561000H0,1787132605470948,Device1_frame_000103_1787132605470948.png
312,0,CV3T561000B5,1787132605504210,Device0_frame_000104_1787132605504210.png
313,2,CPBG1630011D,1787132605506918,Device2_frame_000104_1787132605506918.png
314,1,CV3T561000H0,1787132605504287,Device1_frame_000104_1787132605504287.png
315,2,CPBG1630011D,1787132605540250,Device2_frame_000105_1787132605540250.png
316,1,CV3T561000H0,1787132605537619,Device1_frame_000105_1787132605537619.png
317,0,CV3T561000B5,1787132605504210,Device0_frame_000105_1787132605504210.png
318,2,CPBG1630011D,1787132605573580,Device2_frame_000106_1787132605573580.png
319,1,CV3T561000H0,1787132605570949,Device1_frame_000106_1787132605570949.png
320,0,CV3T561000B5,1787132605570871,Device0_frame_000106_1787132605570871.png
321,2,CPBG1630011D,1787132605606917,Device2_frame_000107_1787132605606917.png
322,1,CV3T561000H0,1787132605604286,Device1_frame_000107_1787132605604286.png
323,0,CV3T561000B5,1787132605604208,Device0_frame_000107_1787132605604208.png
324,2,CPBG1630011D,1787132605640247,Device2_frame_000108_1787132605640247.png
325,1,CV3T561000H0,1787132605637615,Device1_frame_000108_1787132605637615.png
326,0,CV3T561000B5,1787132605637538,Device0_frame_000108_1787132605637538.png
327,1,CV3T561000H0,1787132605670955,Device1_frame_000109_1787132605670955.png
328,2,CPBG1630011D,1787132605673587,Device2_frame_000109_1787132605673587.png
329,0,CV3T561000B5,1787132605670878,Device0_frame_000109_1787132605670878.png
330,1,CV3T561000H0,1787132605704287,Device1_frame_000110_1787132605704287.png
331,2,CPBG1630011D,1787132605706919,Device2_frame_000110_1787132605706919.png
332,0,CV3T561000B5,1787132605704209,Device0_frame_000110_1787132605704209.png
333,2,CPBG1630011D,1787132605740253,Device2_frame_000111_1787132605740253.png
334,1,CV3T561000H0,1787132605737621,Device1_frame_000111_1787132605737621.png
335,0,CV3T561000B5,1787132605737543,Device0_frame_000111_1787132605737543.png
336,2,CPBG1630011D,1787132605773599,Device2_frame_000112_1787132605773599.png
337,1,CV3T561000H0,1787132605770967,Device1_frame_000112_1787132605770967.png
338,0,CV3T561000B5,1787132605770889,Device0_frame_000112_1787132605770889.png
339,1,CV3T561000H0,1787132605804290,Device1_frame_000113_1787132605804290.png
340,2,CPBG1630011D,1787132605806922,Device2_frame_000113_1787132605806922.png
341,0,CV3T561000B5,1787132605804211,Device0_frame_000113_1787132605804211.png
342,1,CV3T561000H0,1787132605837617,Device1_frame_000114_1787132605837617.png
343,2,CPBG1630011D,1787132605840250,Device2_frame_000114_1787132605840250.png
344,0,CV3T561000B5,1787132605804211,Device0_frame_000114_1787132605804211.png
345,2,CPBG1630011D,1787132605873589,Device2_frame_000115_1787132605873589.png
346,1,CV3T561000H0,1787132605870956,Device1_frame_000115_1787132605870956.png
347,0,CV3T561000B5,1787132605870878,Device0_frame_000115_1787132605870878.png
348,1,CV3T561000H0,1787132605904289,Device1_frame_000116_1787132605904289.png
349,2,CPBG1630011D,1787132605906923,Device2_frame_000116_1787132605906923.png
350,0,CV3T561000B5,1787132605904211,Device0_frame_000116_1787132605904211.png
351,1,CV3T561000H0,1787132605937618,Device1_frame_000117_1787132605937618.png
352,2,CPBG1630011D,1787132605940251,Device2_frame_000117_1787132605940251.png
353,0,CV3T561000B5,1787132605937539,Device0_frame_000117_1787132605937539.png
354,1,CV3T561000H0,1787132605970953,Device1_frame_000118_1787132605970953.png
355,2,CPBG1630011D,1787132605973587,Device2_frame_000118_1787132605973587.png
356,0,CV3T561000B5,1787132605970875,Device0_frame_000118_1787132605970875.png
357,1,CV3T561000H0,1787132606004297,Device1_frame_000119_1787132606004297.png
358,2,CPBG1630011D,1787132606006931,Device2_frame_000119_1787132606006931.png
359,0,CV3T561000B5,1787132606004219,Device0_frame_000119_1787132606004219.png
360,0,CV3T561000B5,1787132606037545,Device0_frame_000120_1787132606037545.png
361,1,CV3T561000H0,1787132606037624,Device1_frame_000120_1787132606037624.png
362,2,CPBG1630011D,1787132606040258,Device2_frame_000120_1787132606040258.png
363,2,CPBG1630011D,1787132606073588,Device2_frame_000121_1787132606073588.png
364,1,CV3T561000H0,1787132606070953,Device1_frame_000121_1787132606070953.png
365,0,CV3T561000B5,1787132606070875,Device0_frame_000121_1787132606070875.png
366,2,CPBG1630011D,1787132606106922,Device2_frame_000122_1787132606106922.png
367,1,CV3T561000H0,1787132606104287,Device1_frame_000122_1787132606104287.png
368,0,CV3T561000B5,1787132606104208,Device0_frame_000122_1787132606104208.png
369,2,CPBG1630011D,1787132606140259,Device2_frame_000123_1787132606140259.png
370,0,CV3T561000B5,1787132606137545,Device0_frame_000123_1787132606137545.png
371,1,CV3T561000H0,1787132606137624,Device1_frame_000123_1787132606137624.png
372,2,CPBG1630011D,1787132606173600,Device2_frame_000124_1787132606173600.png
373,1,CV3T561000H0,1787132606170965,Device1_frame_000124_1787132606170965.png
374,0,CV3T561000B5,1787132606170886,Device0_frame_000124_1787132606170886.png
375,0,CV3T561000B5,1787132606204209,Device0_frame_000125_1787132606204209.png
376,2,CPBG1630011D,1787132606206924,Device2_frame_000125_1787132606206924.png
377,1,CV3T561000H0,1787132606204289,Device1_frame_000125_1787132606204289.png
378,2,CPBG1630011D,1787132606240260,Device2_frame_000126_1787132606240260.png
379,1,CV3T561000H0,1787132606237624,Device1_frame_000126_1787132606237624.png
380,0,CV3T561000B5,1787132606237545,Device0_frame_000126_1787132606237545.png
381,2,CPBG1630011D,1787132606273604,Device2_frame_000127_1787132606273604.png
382,0,CV3T561000B5,1787132606270890,Device0_frame_000127_1787132606270890.png
383,1,CV3T561000H0,1787132606270969,Device1_frame_000127_1787132606270969.png
384,2,CPBG1630011D,1787132606306928,Device2_frame_000128_1787132606306928.png
385,1,CV3T561000H0,1787132606304292,Device1_frame_000128_1787132606304292.png
386,0,CV3T561000B5,1787132606270890,Device0_frame_000128_1787132606270890.png
387,2,CPBG1630011D,1787132606340262,Device2_frame_000129_1787132606340262.png
388,1,CV3T561000H0,1787132606337626,Device1_frame_000129_1787132606337626.png
389,0,CV3T561000B5,1787132606337547,Device0_frame_000129_1787132606337547.png
390,1,CV3T561000H0,1787132606370956,Device1_frame_000130_1787132606370956.png
391,2,CPBG1630011D,1787132606373593,Device2_frame_000130_1787132606373593.png
392,0,CV3T561000B5,1787132606370877,Device0_frame_000130_1787132606370877.png
393,2,CPBG1630011D,1787132606406939,Device2_frame_000131_1787132606406939.png
394,1,CV3T561000H0,1787132606404302,Device1_frame_000131_1787132606404302.png
395,0,CV3T561000B5,1787132606404223,Device0_frame_000131_1787132606404223.png
396,1,CV3T561000H0,1787132606437626,Device1_frame_000132_1787132606437626.png
397,0,CV3T561000B5,1787132606437547,Device0_frame_000132_1787132606437547.png
398,2,CPBG1630011D,1787132606440263,Device2_frame_000132_1787132606440263.png
399,1,CV3T561000H0,1787132606470959,Device1_frame_000133_1787132606470959.png
400,2,CPBG1630011D,1787132606473596,Device2_frame_000133_1787132606473596.png
401,0,CV3T561000B5,1787132606470879,Device0_frame_000133_1787132606470879.png
402,1,CV3T561000H0,1787132606504298,Device1_frame_000134_1787132606504298.png
403,2,CPBG1630011D,1787132606506935,Device2_frame_000134_1787132606506935.png
404,0,CV3T561000B5,1787132606504218,Device0_frame_000134_1787132606504218.png
405,0,CV3T561000B5,1787132606537543,Device0_frame_000135_1787132606537543.png
406,1,CV3T561000H0,1787132606537623,Device1_frame_000135_1787132606537623.png
407,2,CPBG1630011D,1787132606540260,Device2_frame_000135_1787132606540260.png
408,1,CV3T561000H0,1787132606570960,Device1_frame_000136_1787132606570960.png
409,2,CPBG1630011D,1787132606573597,Device2_frame_000136_1787132606573597.png
410,0,CV3T561000B5,1787132606570880,Device0_frame_000136_1787132606570880.png
411,0,CV3T561000B5,1787132606604217,Device0_frame_000137_1787132606604217.png
412,1,CV3T561000H0,1787132606604297,Device1_frame_000137_1787132606604297.png
413,2,CPBG1630011D,1787132606606935,Device2_frame_000137_1787132606606935.png
414,0,CV3T561000B5,1787132606637545,Device0_frame_000138_1787132606637545.png
415,2,CPBG1630011D,1787132606640263,Device2_frame_000138_1787132606640263.png
416,1,CV3T561000H0,1787132606637625,Device1_frame_000138_1787132606637625.png
417,0,CV3T561000B5,1787132606670883,Device0_frame_000139_1787132606670883.png
418,2,CPBG1630011D,1787132606673601,Device2_frame_000139_1787132606673601.png
419,1,CV3T561000H0,1787132606670963,Device1_frame_000139_1787132606670963.png
420,0,CV3T561000B5,1787132606670883,Device0_frame_000140_1787132606670883.png
421,1,CV3T561000H0,1787132606704292,Device1_frame_000140_1787132606704292.png
422,2,CPBG1630011D,1787132606706931,Device2_frame_000140_1787132606706931.png
423,0,CV3T561000B5,1787132606737543,Device0_frame_000141_1787132606737543.png
424,1,CV3T561000H0,1787132606737624,Device1_frame_000141_1787132606737624.png
425,2,CPBG1630011D,1787132606740262,Device2_frame_000141_1787132606740262.png
426,1,CV3T561000H0,1787132606770959,Device1_frame_000142_1787132606770959.png
427,2,CPBG1630011D,1787132606773597,Device2_frame_000142_1787132606773597.png
428,0,CV3T561000B5,1787132606770878,Device0_frame_000142_1787132606770878.png
429,0,CV3T561000B5,1787132606804216,Device0_frame_000143_1787132606804216.png
430,2,CPBG1630011D,1787132606806936,Device2_frame_000143_1787132606806936.png
431,1,CV3T561000H0,1787132606804297,Device1_frame_000143_1787132606804297.png
432,1,CV3T561000H0,1787132606837626,Device1_frame_000144_1787132606837626.png
433,2,CPBG1630011D,1787132606840265,Device2_frame_000144_1787132606840265.png
434,0,CV3T561000B5,1787132606837545,Device0_frame_000144_1787132606837545.png
435,1,CV3T561000H0,1787132606870977,Device1_frame_000145_1787132606870977.png
436,0,CV3T561000B5,1787132606870896,Device0_frame_000145_1787132606870896.png
437,2,CPBG1630011D,1787132606873616,Device2_frame_000145_1787132606873616.png
438,1,CV3T561000H0,1787132606904296,Device1_frame_000146_1787132606904296.png
439,0,CV3T561000B5,1787132606904216,Device0_frame_000146_1787132606904216.png
440,2,CPBG1630011D,1787132606906936,Device2_frame_000146_1787132606906936.png
441,1,CV3T561000H0,1787132606937631,Device1_frame_000147_1787132606937631.png
442,2,CPBG1630011D,1787132606940271,Device2_frame_000147_1787132606940271.png
443,0,CV3T561000B5,1787132606937550,Device0_frame_000147_1787132606937550.png
444,0,CV3T561000B5,1787132606970885,Device0_frame_000148_1787132606970885.png
445,2,CPBG1630011D,1787132606973606,Device2_frame_000148_1787132606973606.png
446,1,CV3T561000H0,1787132606970966,Device1_frame_000148_1787132606970966.png
447,1,CV3T561000H0,1787132607004295,Device1_frame_000149_1787132607004295.png
448,0,CV3T561000B5,1787132607004213,Device0_frame_000149_1787132607004213.png
449,2,CPBG1630011D,1787132607006935,Device2_frame_000149_1787132607006935.png
