comparison_type,device_i,device_j,stream,hw_diff_us,global_diff_us,sys_diff_us,timestamp_us
cross_stream,0,0,depth+color,-58,-58,2980,1786428273340511
cross_stream,0,0,depth+color,-57,-57,4991,1786428273373936
cross_stream,0,0,depth+color,-58,-58,4520,1786428273407114
cross_stream,0,0,depth+color,-58,-58,4550,1786428273440412
cross_stream,0,0,depth+color,-58,-58,4404,1786428273473954
cross_stream,0,0,depth+color,-58,-58,4921,1786428273507139
cross_stream,0,0,depth+color,-58,-58,4591,1786428273540263
cross_stream,0,0,depth+color,-58,-58,4878,1786428273573975
cross_stream,0,0,depth+color,-58,-57,4534,1786428273607226
cross_stream,0,0,depth+color,-58,-58,4720,1786428273640770
cross_stream,0,0,depth+color,-57,-56,4650,1786428273674134
cross_stream,0,0,depth+color,-58,-58,4850,1786428273707619
cross_stream,0,0,depth+color,-57,-57,4370,1786428273740628
cross_stream,0,0,depth+color,-58,-58,4283,1786428273774148
cross_stream,0,0,depth+color,-58,-57,4517,1786428273807390
cross_stream,0,0,depth+color,-57,-57,4839,1786428273840392
cross_stream,0,0,depth+color,-58,-59,4582,1786428273873995
cross_stream,0,0,depth+color,-57,-57,4545,1786428273907426
cross_stream,0,0,depth+color,-58,-58,4252,1786428273940612
cross_stream,0,0,depth+color,-58,-58,4790,1786428273974035
cross_stream,0,0,depth+color,-58,-58,4356,1786428274007425
cross_stream,0,0,depth+color,-58,-58,4300,1786428274040851
cross_stream,0,0,depth+color,-58,-58,3941,1786428274073689
cross_stream,0,0,depth+color,-58,-58,4516,1786428274107584
cross_stream,0,0,depth+color,-58,-58,4182,1786428274140132
cross_stream,0,0,depth+color,-58,-58,4474,1786428274173481
cross_stream,0,0,depth+color,-58,-58,4507,1786428274207234
cross_stream,0,0,depth+color,-58,-58,4301,1786428274240605
cross_stream,0,0,depth+color,-58,-58,4487,1786428274273604
cross_stream,0,0,depth+color,-58,-58,4658,1786428274307277
cross_stream,0,0,depth+color,-58,-58,4267,1786428274340412
cross_stream,0,0,depth+color,-57,-57,4556,1786428274373799
cross_stream,0,0,depth+color,-58,-58,4342,1786428274407454
cross_stream,0,0,depth+color,-58,-58,3972,1786428274440397
cross_stream,0,0,depth+color,-58,-58,4530,1786428274473887
cross_stream,0,0,depth+color,-58,-58,4452,1786428274507750
cross_stream,0,0,depth+color,-58,-58,4157,1786428274540753
cross_stream,0,0,depth+color,-57,-56,4055,1786428274573887
cross_stream,0,0,depth+color,-58,-58,4961,1786428274607279
cross_stream,0,0,depth+color,-58,-58,5012,1786428274640577
cross_stream,0,0,depth+color,-58,-59,4423,1786428274673835
cross_stream,0,0,depth+color,-58,-58,3856,1786428274707064
cross_stream,0,0,depth+color,-57,-57,4467,1786428274740576
cross_stream,0,0,depth+color,-57,-57,4293,1786428274773788
cross_stream,0,0,depth+color,-58,-58,4715,1786428274807385
cross_stream,0,0,depth+color,-58,-58,4614,1786428274840729
cross_stream,0,0,depth+color,-58,-58,4501,1786428274873906
cross_stream,0,0,depth+color,-58,-58,4528,1786428274907655
cross_stream,0,0,depth+color,-58,-58,4576,1786428274940735
cross_stream,0,0,depth+color,-58,-58,4698,1786428274973565
cross_stream,0,0,depth+color,-57,-57,4765,1786428275007533
cross_stream,0,0,depth+color,-58,-58,4416,1786428275040631
cross_stream,0,0,depth+color,-58,-57,4674,1786428275074082
cross_stream,0,0,depth+color,-58,-58,4843,1786428275107393
cross_stream,0,0,depth+color,-58,-58,4600,1786428275140567
cross_stream,0,0,depth+color,-58,-58,4413,1786428275173822
cross_stream,0,0,depth+color,-58,-58,4619,1786428275207735
cross_stream,0,0,depth+color,-57,-56,4499,1786428275240735
cross_stream,0,0,depth+color,-58,-58,4951,1786428275274012
cross_stream,0,0,depth+color,-58,-58,4542,1786428275307187
cross_stream,0,0,depth+color,-58,-58,4096,1786428275340302
cross_stream,0,0,depth+color,-58,-58,4412,1786428275373523
cross_stream,0,0,depth+color,-57,-57,4626,1786428275406992
cross_stream,0,0,depth+color,-58,-58,4655,1786428275440320
cross_stream,0,0,depth+color,-58,-58,4399,1786428275473649
cross_stream,0,0,depth+color,-57,-57,4579,1786428275507337
cross_stream,0,0,depth+color,-57,-57,4862,1786428275540669
cross_stream,0,0,depth+color,-58,-58,4596,1786428275573775
cross_stream,0,0,depth+color,-57,-57,4290,1786428275607367
cross_stream,0,0,depth+color,-58,-57,4947,1786428275640407
cross_stream,0,0,depth+color,-57,-57,4691,1786428275673824
cross_stream,0,0,depth+color,-58,-58,5018,1786428275707514
cross_stream,0,0,depth+color,-58,-58,4706,1786428275740898
cross_stream,0,0,depth+color,-58,-58,4641,1786428275774406
cross_stream,0,0,depth+color,-58,-57,4365,1786428275807401
cross_stream,0,0,depth+color,-58,-58,4588,1786428275840650
cross_stream,0,0,depth+color,-57,-57,5089,1786428275873878
cross_stream,0,0,depth+color,-58,-58,4804,1786428275907524
cross_stream,0,0,depth+color,-57,-57,4737,1786428275940563
cross_stream,0,0,depth+color,-58,-58,4842,1786428275973856
cross_stream,0,0,depth+color,-57,-57,4517,1786428276007448
cross_stream,0,0,depth+color,-58,-57,4731,1786428276040543
cross_stream,0,0,depth+color,-58,-59,4660,1786428276074157
cross_stream,0,0,depth+color,-58,-58,4795,1786428276107289
cross_stream,0,0,depth+color,-58,-58,4612,1786428276140702
cross_stream,0,0,depth+color,-58,-58,4383,1786428276173897
cross_stream,0,0,depth+color,-58,-59,4876,1786428276207504
cross_stream,0,0,depth+color,-58,-58,4659,1786428276240453
cross_stream,0,0,depth+color,-58,-58,4967,1786428276273984
cross_stream,0,0,depth+color,-58,-58,4823,1786428276307015
cross_stream,0,0,depth+color,-58,-58,4873,1786428276340476
cross_stream,0,0,depth+color,-58,-58,5317,1786428276374341
cross_stream,0,0,depth+color,-57,-56,4431,1786428276407185
cross_stream,0,0,depth+color,-58,-58,4815,1786428276440668
cross_stream,0,0,depth+color,-58,-58,4802,1786428276473999
cross_stream,0,0,depth+color,-58,-58,4707,1786428276507481
cross_stream,0,0,depth+color,-58,-58,4638,1786428276540872
cross_stream,0,0,depth+color,-57,-56,4967,1786428276574533
cross_stream,0,0,depth+color,-57,-57,4710,1786428276607641
cross_stream,0,0,depth+color,-57,-57,4833,1786428276640684
cross_stream,0,0,depth+color,-58,-58,5007,1786428276674391
cross_stream,0,0,depth+color,-57,-57,4921,1786428276707586
cross_stream,0,0,depth+color,-58,-58,4786,1786428276741000
cross_stream,0,0,depth+color,-57,-57,4801,1786428276773973
cross_stream,0,0,depth+color,-58,-58,4616,1786428276807657
cross_stream,0,0,depth+color,-58,-58,4996,1786428276840834
cross_stream,0,0,depth+color,-58,-58,4296,1786428276874021
cross_stream,0,0,depth+color,-58,-58,4642,1786428276907144
cross_stream,0,0,depth+color,-58,-58,5065,1786428276940725
cross_stream,0,0,depth+color,-57,-57,5575,1786428276974331
cross_stream,0,0,depth+color,-58,-58,4783,1786428277007511
cross_stream,0,0,depth+color,-58,-58,4568,1786428277040773
cross_stream,0,0,depth+color,-58,-58,4878,1786428277074215
cross_stream,0,0,depth+color,-58,-58,4881,1786428277107577
cross_stream,0,0,depth+color,-58,-58,4881,1786428277141070
cross_stream,0,0,depth+color,-58,-58,4924,1786428277174159
cross_stream,0,0,depth+color,-58,-58,4750,1786428277207473
cross_stream,0,0,depth+color,-58,-58,5025,1786428277240593
cross_stream,0,0,depth+color,-57,-57,4723,1786428277273830
cross_stream,0,0,depth+color,-57,-57,5153,1786428277307346
cross_stream,0,0,depth+color,-58,-58,4892,1786428277341169
cross_stream,0,0,depth+color,-58,-58,5671,1786428277374293
cross_stream,0,0,depth+color,-58,-58,4833,1786428277407694
cross_stream,0,0,depth+color,-58,-57,4830,1786428277440643
cross_stream,0,0,depth+color,-58,-58,4919,1786428277473959
cross_stream,0,0,depth+color,-58,-57,5354,1786428277507654
cross_stream,0,0,depth+color,-57,-57,5083,1786428277541112
cross_stream,0,0,depth+color,-57,-57,5514,1786428277574378
cross_stream,0,0,depth+color,-57,-57,5152,1786428277607682
cross_stream,0,0,depth+color,-58,-58,4721,1786428277640284
cross_stream,0,0,depth+color,-57,-57,5145,1786428277674396
cross_stream,0,0,depth+color,-58,-58,4678,1786428277707353
cross_stream,0,0,depth+color,-58,-58,4714,1786428277740934
cross_stream,0,0,depth+color,-57,-57,4868,1786428277774210
cross_stream,0,0,depth+color,-58,-58,4026,1786428277807080
cross_stream,0,0,depth+color,-57,-57,4800,1786428277840514
cross_stream,0,0,depth+color,-58,-58,4676,1786428277874180
cross_stream,0,0,depth+color,-58,-58,4663,1786428277907311
cross_stream,0,0,depth+color,-57,-58,4539,1786428277940642
cross_stream,0,0,depth+color,-58,-58,4595,1786428277973918
cross_stream,0,0,depth+color,-57,-57,4619,1786428278007214
cross_stream,0,0,depth+color,-58,-58,5233,1786428278040672
cross_stream,0,0,depth+color,-58,-58,4831,1786428278074185
cross_stream,0,0,depth+color,-58,-58,4942,1786428278107476
cross_stream,0,0,depth+color,-58,-58,4539,1786428278140624
cross_stream,0,0,depth+color,-58,-58,4434,1786428278173968
cross_stream,0,0,depth+color,-57,-57,4507,1786428278207470
cross_stream,0,0,depth+color,-58,-58,4879,1786428278240487
cross_stream,0,0,depth+color,-57,-57,4592,1786428278273955
cross_stream,0,0,depth+color,-58,-57,4389,1786428278306951
cross_stream,0,0,depth+color,-58,-58,4798,1786428278340901
cross_stream,0,0,depth+color,-58,-58,4982,1786428278373857
cross_stream,0,0,depth+color,-57,-57,4584,1786428278407465
cross_stream,0,0,depth+color,-57,-57,4662,1786428278440620
cross_stream,0,0,depth+color,-58,-58,4602,1786428278473793
cross_stream,0,0,depth+color,-58,-57,4732,1786428278507316
cross_stream,0,0,depth+color,-57,-57,4576,1786428278540778
cross_stream,0,0,depth+color,-58,-58,4792,1786428278574205
cross_stream,0,0,depth+color,-57,-58,4753,1786428278607555
cross_stream,0,0,depth+color,-57,-57,4823,1786428278640806
cross_stream,0,0,depth+color,-58,-58,4565,1786428278673962
cross_stream,0,0,depth+color,-58,-58,4498,1786428278707136
cross_stream,0,0,depth+color,-58,-58,4475,1786428278740497
cross_stream,0,0,depth+color,-58,-58,4515,1786428278773650
cross_stream,0,0,depth+color,-58,-58,4484,1786428278807265
cross_stream,0,0,depth+color,-58,-58,4808,1786428278840799
cross_stream,0,0,depth+color,-57,-58,4666,1786428278874147
cross_stream,0,0,depth+color,-57,-57,4629,1786428278906955
cross_stream,0,0,depth+color,-58,-58,4612,1786428278940481
cross_stream,0,0,depth+color,-58,-58,4662,1786428278973796
cross_stream,0,0,depth+color,-58,-58,4394,1786428279007227
cross_stream,0,0,depth+color,-57,-57,4490,1786428279040308
cross_stream,0,0,depth+color,-58,-59,4533,1786428279073731
cross_stream,0,0,depth+color,-58,-58,5157,1786428279107823
cross_stream,0,0,depth+color,-58,-59,4365,1786428279140514
cross_stream,0,0,depth+color,-57,-57,4580,1786428279173875
cross_stream,0,0,depth+color,-58,-58,4496,1786428279207247
cross_stream,0,0,depth+color,-57,-57,4596,1786428279240502
cross_stream,0,0,depth+color,-58,-58,4880,1786428279274087
cross_stream,0,0,depth+color,-58,-58,4548,1786428279306982
cross_stream,0,0,depth+color,-57,-57,4940,1786428279340973
cross_stream,0,0,depth+color,-58,-58,4298,1786428279373518
cross_stream,0,0,depth+color,-58,-58,4157,1786428279407190
cross_stream,0,0,depth+color,-58,-58,4310,1786428279440174
cross_stream,0,0,depth+color,-58,-58,4399,1786428279473525
cross_stream,0,0,depth+color,-58,-58,4519,1786428279507142
cross_stream,0,0,depth+color,-58,-58,4637,1786428279540674
cross_stream,0,0,depth+color,-58,-58,4476,1786428279573655
cross_stream,0,0,depth+color,-57,-58,4676,1786428279607593
cross_stream,0,0,depth+color,-58,-58,4493,1786428279640316
cross_stream,0,0,depth+color,-57,-57,4501,1786428279673906
cross_stream,0,0,depth+color,-58,-58,4575,1786428279707195
cross_stream,0,0,depth+color,-58,-58,4600,1786428279740388
cross_stream,0,0,depth+color,-58,-58,4207,1786428279773649
cross_stream,0,0,depth+color,-58,-58,4443,1786428279807292
cross_stream,0,0,depth+color,-57,-57,4487,1786428279840313
cross_stream,0,0,depth+color,-58,-58,4446,1786428279873626
cross_stream,0,0,depth+color,-58,-58,4157,1786428279906887
cross_stream,0,0,depth+color,-58,-37,4604,1786428279940775
cross_stream,0,0,depth+color,-58,-58,4861,1786428279974144
cross_stream,0,0,depth+color,-58,-58,4420,1786428280006940
cross_stream,0,0,depth+color,-57,-57,4503,1786428280040566
cross_stream,0,0,depth+color,-58,-58,4930,1786428280073838
cross_stream,0,0,depth+color,-58,-58,3878,1786428280106915
cross_stream,0,0,depth+color,-58,-58,4166,1786428280140400
cross_stream,0,0,depth+color,-58,-58,4275,1786428280173523
cross_stream,0,0,depth+color,-58,-58,4067,1786428280206981
cross_stream,0,0,depth+color,-58,-58,4300,1786428280240194
cross_stream,0,0,depth+color,-58,-57,4367,1786428280273576
cross_stream,0,0,depth+color,-58,-58,4664,1786428280307221
cross_stream,0,0,depth+color,-57,-57,4818,1786428280340463
cross_stream,0,0,depth+color,-58,-58,4795,1786428280373565
cross_stream,0,0,depth+color,-58,-58,3852,1786428280406959
cross_stream,0,0,depth+color,-58,-58,4514,1786428280440354
cross_stream,0,0,depth+color,-58,-59,4266,1786428280473474
cross_stream,0,0,depth+color,-58,-58,4107,1786428280506814
cross_stream,0,0,depth+color,-57,-57,4121,1786428280540163
cross_stream,0,0,depth+color,-58,-58,4276,1786428280573870
cross_stream,0,0,depth+color,-58,-58,4138,1786428280606999
cross_stream,0,0,depth+color,-58,-58,4257,1786428280640401
cross_stream,0,0,depth+color,-58,-59,4447,1786428280673978
cross_stream,0,0,depth+color,-57,-57,4345,1786428280707010
cross_stream,0,0,depth+color,-57,-57,4339,1786428280740160
cross_stream,0,0,depth+color,-58,-58,3957,1786428280773850
cross_stream,0,0,depth+color,-58,-58,3894,1786428280807003
cross_stream,0,0,depth+color,-57,-57,4326,1786428280840325
cross_stream,0,0,depth+color,-58,-57,4789,1786428280873699
cross_stream,0,0,depth+color,-58,-58,4471,1786428280907013
cross_stream,0,0,depth+color,-57,-57,4168,1786428280940194
cross_stream,0,0,depth+color,-57,-57,4588,1786428280973823
cross_stream,0,0,depth+color,-58,-58,4654,1786428281007257
cross_stream,0,0,depth+color,-57,-57,4628,1786428281040332
cross_stream,0,0,depth+color,-58,-58,4402,1786428281073761
cross_stream,0,0,depth+color,-58,-58,4567,1786428281107254
cross_stream,0,0,depth+color,-57,-57,4610,1786428281140816
cross_stream,0,0,depth+color,-58,-59,4239,1786428281173833
cross_stream,0,0,depth+color,-58,-58,3819,1786428281206996
cross_stream,0,0,depth+color,-58,-58,4539,1786428281240205
cross_stream,0,0,depth+color,-57,-57,4163,1786428281273631
cross_stream,0,0,depth+color,-58,-58,4346,1786428281307001
cross_stream,0,0,depth+color,-58,-58,4191,1786428281340299
cross_stream,0,0,depth+color,-58,-58,4446,1786428281373618
cross_stream,0,0,depth+color,-58,-58,4255,1786428281407140
cross_stream,0,0,depth+color,-58,-57,4512,1786428281440659
cross_stream,0,0,depth+color,-58,-58,4296,1786428281473650
cross_stream,0,0,depth+color,-58,-58,4223,1786428281506828
cross_stream,0,0,depth+color,-58,-58,4392,1786428281540307
cross_stream,0,0,depth+color,-58,-58,5124,1786428281574010
cross_stream,0,0,depth+color,-58,-58,4272,1786428281606858
cross_stream,0,0,depth+color,-57,-57,4650,1786428281640342
cross_stream,0,0,depth+color,-58,-58,4375,1786428281673623
cross_stream,0,0,depth+color,-58,-57,4540,1786428281706894
cross_stream,0,0,depth+color,-58,-57,4738,1786428281740729
cross_stream,0,0,depth+color,-58,-58,4916,1786428281773909
cross_stream,0,0,depth+color,-58,-58,5046,1786428281807395
cross_stream,0,0,depth+color,-58,-58,5151,1786428281840805
cross_stream,0,0,depth+color,-58,-58,4573,1786428281873612
cross_stream,0,0,depth+color,-57,-57,4673,1786428281907002
cross_stream,0,0,depth+color,-57,-57,4333,1786428281940315
cross_stream,0,0,depth+color,-58,-58,4612,1786428281973632
cross_stream,0,0,depth+color,-58,-58,4529,1786428282007129
cross_stream,0,0,depth+color,-57,-57,4905,1786428282040405
cross_stream,0,0,depth+color,-58,-58,4596,1786428282073638
cross_stream,0,0,depth+color,-57,-57,4300,1786428282106849
cross_stream,0,0,depth+color,-58,-58,4305,1786428282140150
cross_stream,0,0,depth+color,-58,-58,5284,1786428282174245
cross_stream,0,0,depth+color,-58,-59,4124,1786428282207052
cross_stream,0,0,depth+color,-57,-56,4493,1786428282240337
cross_stream,0,0,depth+color,-58,-58,5093,1786428282274115
cross_stream,0,0,depth+color,-58,-58,5025,1786428282307137
cross_stream,0,0,depth+color,-58,-58,4071,1786428282340303
cross_stream,0,0,depth+color,-58,-58,4901,1786428282373831
cross_stream,0,0,depth+color,-57,-57,4655,1786428282407137
cross_stream,0,0,depth+color,-58,-58,4846,1786428282440475
cross_stream,0,0,depth+color,-58,-58,3951,1786428282473549
cross_stream,0,0,depth+color,-58,-58,4390,1786428282507041
cross_stream,0,0,depth+color,-57,-57,4470,1786428282540836
cross_stream,0,0,depth+color,-58,-58,4216,1786428282573852
cross_stream,0,0,depth+color,-58,-58,4265,1786428282607481
cross_stream,0,0,depth+color,-57,-57,4527,1786428282640464
cross_stream,0,0,depth+color,-58,-58,4600,1786428282673728
cross_stream,0,0,depth+color,-58,-58,4968,1786428282707605
cross_stream,0,0,depth+color,-57,-57,4468,1786428282740652
cross_stream,0,0,depth+color,-58,-58,4357,1786428282773570
cross_stream,0,0,depth+color,-58,-58,4488,1786428282806981
cross_stream,0,0,depth+color,-57,-57,4349,1786428282840197
cross_stream,0,0,depth+color,-58,-58,4751,1786428282874351
cross_stream,0,0,depth+color,-58,-58,4349,1786428282906857
cross_stream,0,0,depth+color,-58,-58,4302,1786428282940690
cross_stream,0,0,depth+color,-58,-59,4970,1786428282974197
cross_stream,0,0,depth+color,-57,-56,4161,1786428283007333
cross_stream,0,0,depth+color,-58,-58,4642,1786428283040627
cross_stream,0,0,depth+color,-58,-58,4380,1786428283073969
cross_stream,0,0,depth+color,-57,-57,4353,1786428283106861
cross_stream,0,0,depth+color,-57,-57,4236,1786428283140843
cross_stream,0,0,depth+color,-58,-58,4739,1786428283173726
cross_stream,0,0,depth+color,-58,-58,4105,1786428283207337
cross_stream,0,0,depth+color,-58,-59,4956,1786428283240597
cross_stream,0,0,depth+color,-58,-57,4339,1786428283273541
cross_stream,0,0,depth+color,-58,-58,4949,1786428283307250
cross_stream,0,0,depth+color,-58,-58,4570,1786428283340520
cross_stream,0,0,depth+color,-58,-58,4861,1786428283373543
cross_stream,0,0,depth+color,-58,-58,4456,1786428283406912
cross_stream,0,0,depth+color,-57,-57,4734,1786428283440632
cross_stream,0,0,depth+color,-58,-58,3830,1786428283473536
cross_stream,0,0,depth+color,-58,-57,4473,1786428283506871
cross_stream,0,0,depth+color,-58,-58,3980,1786428283540211
cross_stream,0,0,depth+color,-58,-58,4554,1786428283573624
cross_stream,0,0,depth+color,-57,-57,4368,1786428283606848
cross_stream,0,0,depth+color,-58,-58,4332,1786428283640157
cross_stream,0,0,depth+color,-58,-58,4457,1786428283673649
cross_stream,0,0,depth+color,-57,-57,4517,1786428283707167
cross_stream,0,0,depth+color,-58,-58,4388,1786428283740206
cross_stream,0,0,depth+color,-58,-59,4445,1786428283773573
cross_stream,0,0,depth+color,-57,-57,4482,1786428283806896
cross_stream,0,0,depth+color,-58,-58,4454,1786428283840168
cross_stream,0,0,depth+color,-58,-58,4155,1786428283873661
cross_stream,0,0,depth+color,-57,-57,4693,1786428283907193
cross_stream,0,0,depth+color,-58,-58,3959,1786428283940197
cross_stream,0,0,depth+color,-58,-58,4440,1786428283973563
cross_stream,0,0,depth+color,-58,-57,4464,1786428284007008
cross_stream,0,0,depth+color,-58,-58,4522,1786428284040216
cross_stream,0,0,depth+color,-57,-57,4534,1786428284073940
cross_stream,0,0,depth+color,-58,-58,4609,1786428284107277
cross_stream,0,0,depth+color,-58,-58,4889,1786428284140372
cross_stream,0,0,depth+color,-57,-57,5022,1786428284173974
cross_stream,0,0,depth+color,-58,-58,4926,1786428284207655
cross_stream,0,0,depth+color,-58,-58,4264,1786428284240183
cross_stream,0,0,depth+color,-58,-58,4875,1786428284274031
cross_stream,0,0,depth+color,-57,-56,4785,1786428284307457
cross_stream,0,0,depth+color,-58,-58,4985,1786428284340584
cross_stream,0,0,depth+color,-57,-57,5075,1786428284373859
cross_stream,0,0,depth+color,-57,-57,4325,1786428284406998
cross_stream,0,0,depth+color,-58,-58,4308,1786428284440164
cross_stream,0,0,depth+color,-58,-58,4273,1786428284473496
cross_stream,0,0,depth+color,-58,-58,4353,1786428284506977
cross_stream,0,0,depth+color,-58,-59,4698,1786428284540767
cross_stream,0,0,depth+color,-57,-56,5347,1786428284574550
cross_stream,0,0,depth+color,-57,-57,4046,1786428284606997
cross_stream,0,0,depth+color,-58,-58,4419,1786428284640307
cross_stream,0,0,depth+color,-58,-58,4381,1786428284673969
cross_stream,0,0,depth+color,-58,-58,4228,1786428284706985
cross_stream,0,0,depth+color,-58,-58,3973,1786428284740390
cross_stream,0,0,depth+color,-58,-57,4737,1786428284773945
cross_stream,0,0,depth+color,-58,-59,4425,1786428284807303
cross_stream,0,0,depth+color,-58,-58,4958,1786428284840931
cross_stream,0,0,depth+color,-58,-58,4376,1786428284873623
cross_stream,0,0,depth+color,-57,-57,4760,1786428284907263
cross_stream,0,0,depth+color,-58,-58,4606,1786428284940522
cross_stream,0,0,depth+color,-58,-58,5309,1786428284974375
cross_stream,0,0,depth+color,-58,-58,4380,1786428285007160
cross_stream,0,0,depth+color,-58,-58,4408,1786428285040288
cross_stream,0,0,depth+color,-58,-57,4935,1786428285074282
cross_stream,0,0,depth+color,-57,-57,4606,1786428285107161
cross_stream,0,0,depth+color,-57,-57,4518,1786428285140307
cross_stream,0,0,depth+color,-58,-58,4689,1786428285173717
cross_stream,0,0,depth+color,-58,-58,4147,1786428285206993
cross_stream,0,0,depth+color,-58,-58,4390,1786428285240533
cross_stream,0,0,depth+color,-58,-58,4096,1786428285273491
cross_stream,0,0,depth+color,-57,-56,4835,1786428285306917
cross_stream,0,0,depth+color,-57,-57,4440,1786428285340165
cross_stream,0,0,depth+color,-58,-58,4662,1786428285373680
cross_stream,0,0,depth+color,-58,-58,4029,1786428285406851
cross_stream,0,0,depth+color,-58,-58,4841,1786428285440729
cross_stream,0,0,depth+color,-58,-58,4483,1786428285473631
cross_stream,0,0,depth+color,-57,-57,5200,1786428285507327
cross_stream,0,0,depth+color,-58,-58,4336,1786428285540380
cross_stream,0,0,depth+color,-58,-59,5047,1786428285573989
cross_stream,0,0,depth+color,-58,-58,4051,1786428285606858
cross_stream,0,0,depth+color,-58,-58,4675,1786428285640626
cross_stream,0,0,depth+color,-58,-58,4600,1786428285673655
cross_stream,0,0,depth+color,-58,-58,4464,1786428285707153
cross_stream,0,0,depth+color,-58,-58,4441,1786428285740533
cross_stream,0,0,depth+color,-57,-57,4307,1786428285773574
cross_stream,0,0,depth+color,-57,-57,4001,1786428285806854
cross_stream,0,0,depth+color,-58,-57,4396,1786428285840309
cross_stream,0,0,depth+color,-57,-57,4722,1786428285873631
cross_stream,0,0,depth+color,-57,-57,5387,1786428285907629
cross_stream,0,0,depth+color,-58,-58,5117,1786428285940987
cross_stream,0,0,depth+color,-58,-58,4804,1786428285973679
cross_stream,0,0,depth+color,-58,-58,4557,1786428286007443
cross_stream,0,0,depth+color,-57,-57,4994,1786428286041106
cross_stream,0,0,depth+color,-58,-58,4604,1786428286073654
cross_stream,0,0,depth+color,-58,-58,4296,1786428286107178
cross_stream,0,0,depth+color,-58,-58,4724,1786428286140415
cross_stream,0,0,depth+color,-58,-58,4559,1786428286173791
cross_stream,0,0,depth+color,-58,-58,4884,1786428286207249
cross_stream,0,0,depth+color,-58,-58,4721,1786428286240173
cross_stream,0,0,depth+color,-58,-58,4903,1786428286273869
cross_stream,0,0,depth+color,-58,-58,4832,1786428286307360
cross_stream,0,0,depth+color,-58,-58,5094,1786428286340913
cross_stream,0,0,depth+color,-58,-58,4725,1786428286374034
cross_stream,1,1,depth+color,-58,-58,4857,1786428274640409
cross_stream,1,1,depth+color,-58,-58,4869,1786428274673799
cross_stream,1,1,depth+color,-58,-58,4192,1786428274707093
cross_stream,1,1,depth+color,-57,-57,4433,1786428274740335
cross_stream,1,1,depth+color,-57,-57,4104,1786428274773717
cross_stream,1,1,depth+color,-58,-58,4150,1786428274806990
cross_stream,1,1,depth+color,-58,-58,4099,1786428274840325
cross_stream,1,1,depth+color,-57,-57,3945,1786428274873508
cross_stream,1,1,depth+color,-58,-58,4270,1786428274907420
cross_stream,1,1,depth+color,-58,-58,4187,1786428274940452
cross_stream,1,1,depth+color,-57,-57,4930,1786428274973674
cross_stream,1,1,depth+color,-58,-57,4841,1786428275007581
cross_stream,1,1,depth+color,-58,-57,4428,1786428275040668
cross_stream,1,1,depth+color,-57,-57,4752,1786428275074162
cross_stream,1,1,depth+color,-58,-58,4679,1786428275107228
cross_stream,1,1,depth+color,-58,-58,4461,1786428275139685
cross_stream,1,1,depth+color,-58,-58,4044,1786428275173699
cross_stream,1,1,depth+color,-58,-58,4840,1786428275207775
cross_stream,1,1,depth+color,-57,-57,4239,1786428275240517
cross_stream,1,1,depth+color,-58,-58,5077,1786428275274037
cross_stream,1,1,depth+color,-58,-58,4909,1786428275307294
cross_stream,1,1,depth+color,-58,-58,4539,1786428275340806
cross_stream,1,1,depth+color,-58,-58,4434,1786428275373660
cross_stream,1,1,depth+color,-58,-58,4800,1786428275407111
cross_stream,1,1,depth+color,-57,-57,4589,1786428275440311
cross_stream,1,1,depth+color,-58,-58,4569,1786428275473657
cross_stream,1,1,depth+color,-58,-58,4316,1786428275507090
cross_stream,1,1,depth+color,-57,-57,4495,1786428275540166
cross_stream,1,1,depth+color,-58,-58,4868,1786428275573773
cross_stream,1,1,depth+color,-57,-57,4170,1786428275606879
cross_stream,1,1,depth+color,-58,-58,4819,1786428275640325
cross_stream,1,1,depth+color,-57,-58,4415,1786428275673570
cross_stream,1,1,depth+color,-57,-57,4636,1786428275706843
cross_stream,1,1,depth+color,-58,-57,4712,1786428275740963
cross_stream,1,1,depth+color,-57,-56,5023,1786428275774642
cross_stream,1,1,depth+color,-58,-58,4037,1786428275807025
cross_stream,1,1,depth+color,-57,-57,4130,1786428275840216
cross_stream,1,1,depth+color,-58,-58,4701,1786428275873580
cross_stream,1,1,depth+color,-58,-58,4677,1786428275906996
cross_stream,1,1,depth+color,-57,-57,4941,1786428275940708
cross_stream,1,1,depth+color,-58,-58,4327,1786428275973577
cross_stream,1,1,depth+color,-58,-58,4333,1786428276006903
cross_stream,1,1,depth+color,-58,-58,4307,1786428276040211
cross_stream,1,1,depth+color,-58,-58,4610,1786428276074164
cross_stream,1,1,depth+color,-57,-57,4381,1786428276106886
cross_stream,1,1,depth+color,-58,-58,4380,1786428276140201
cross_stream,1,1,depth+color,-57,-57,4541,1786428276173938
cross_stream,1,1,depth+color,-58,-57,4503,1786428276207166
cross_stream,1,1,depth+color,-57,-57,4359,1786428276240178
cross_stream,1,1,depth+color,-57,-57,5144,1786428276273979
cross_stream,1,1,depth+color,-58,-59,4726,1786428276306829
cross_stream,1,1,depth+color,-58,-58,4631,1786428276340318
cross_stream,1,1,depth+color,-58,-58,5280,1786428276374215
cross_stream,1,1,depth+color,-58,-59,4173,1786428276406862
cross_stream,1,1,depth+color,-58,-58,4364,1786428276440201
cross_stream,1,1,depth+color,-57,-57,4409,1786428276473637
cross_stream,1,1,depth+color,-58,-58,4244,1786428276506879
cross_stream,1,1,depth+color,-58,-58,4180,1786428276540230
cross_stream,1,1,depth+color,-58,-58,4621,1786428276573977
cross_stream,1,1,depth+color,-58,-58,4404,1786428276607306
cross_stream,1,1,depth+color,-58,-58,4426,1786428276640326
cross_stream,1,1,depth+color,-57,-57,5093,1786428276674002
cross_stream,1,1,depth+color,-58,-58,4287,1786428276706811
cross_stream,1,1,depth+color,-58,-58,4724,1786428276740818
cross_stream,1,1,depth+color,-57,-56,4482,1786428276773685
cross_stream,1,1,depth+color,-58,-58,4413,1786428276807355
cross_stream,1,1,depth+color,-58,-58,4480,1786428276840352
cross_stream,1,1,depth+color,-57,-57,3865,1786428276873522
cross_stream,1,1,depth+color,-58,-58,4292,1786428276906863
cross_stream,1,1,depth+color,-57,-57,4278,1786428276940210
cross_stream,1,1,depth+color,-58,-58,5291,1786428276974193
cross_stream,1,1,depth+color,-57,-57,4065,1786428277006887
cross_stream,1,1,depth+color,-57,-56,4822,1786428277040586
cross_stream,1,1,depth+color,-58,-58,4696,1786428277074109
cross_stream,1,1,depth+color,-58,-58,4265,1786428277106940
cross_stream,1,1,depth+color,-58,-58,4706,1786428277140818
cross_stream,1,1,depth+color,-58,-57,4566,1786428277173839
cross_stream,1,1,depth+color,-58,-58,4406,1786428277207256
cross_stream,1,1,depth+color,-58,-58,4477,1786428277240357
cross_stream,1,1,depth+color,-58,-58,4347,1786428277273622
cross_stream,1,1,depth+color,-58,-58,5022,1786428277307170
cross_stream,1,1,depth+color,-58,-58,5150,1786428277340943
cross_stream,1,1,depth+color,-58,-58,4906,1786428277373807
cross_stream,1,1,depth+color,-57,-57,4284,1786428277407220
cross_stream,1,1,depth+color,-57,-57,4456,1786428277440337
cross_stream,1,1,depth+color,-58,-57,4361,1786428277473646
cross_stream,1,1,depth+color,-58,-58,4843,1786428277507353
cross_stream,1,1,depth+color,-57,-57,4743,1786428277540912
cross_stream,1,1,depth+color,-58,-58,4929,1786428277574188
cross_stream,1,1,depth+color,-57,-57,4150,1786428277606853
cross_stream,1,1,depth+color,-58,-58,4596,1786428277640569
cross_stream,1,1,depth+color,-58,-58,4153,1786428277673554
cross_stream,1,1,depth+color,-57,-57,4473,1786428277706861
cross_stream,1,1,depth+color,-58,-58,4632,1786428277740475
cross_stream,1,1,depth+color,-58,-59,4328,1786428277773675
cross_stream,1,1,depth+color,-58,-58,4184,1786428277807083
cross_stream,1,1,depth+color,-57,-57,4623,1786428277840374
cross_stream,1,1,depth+color,-58,-58,4426,1786428277873867
cross_stream,1,1,depth+color,-58,-59,4408,1786428277906997
cross_stream,1,1,depth+color,-57,-57,4420,1786428277940614
cross_stream,1,1,depth+color,-58,-58,4814,1786428277974172
cross_stream,1,1,depth+color,-58,-58,4837,1786428278007309
cross_stream,1,1,depth+color,-58,-58,4369,1786428278040193
cross_stream,1,1,depth+color,-58,-58,4616,1786428278074067
cross_stream,1,1,depth+color,-57,-57,4707,1786428278107289
cross_stream,1,1,depth+color,-58,-58,4265,1786428278140212
cross_stream,1,1,depth+color,-58,-58,4279,1786428278173675
cross_stream,1,1,depth+color,-58,-58,4686,1786428278207485
cross_stream,1,1,depth+color,-57,-57,4737,1786428278240355
cross_stream,1,1,depth+color,-57,-57,4221,1786428278273479
cross_stream,1,1,depth+color,-58,-58,4374,1786428278306867
cross_stream,1,1,depth+color,-58,-58,4780,1786428278340919
cross_stream,1,1,depth+color,-58,-58,4572,1786428278407338
cross_stream,1,1,depth+color,-58,-59,4409,1786428278440343
cross_stream,1,1,depth+color,-57,-57,4414,1786428278473649
cross_stream,1,1,depth+color,-58,-58,4422,1786428278507021
cross_stream,1,1,depth+color,-58,-58,4381,1786428278540531
cross_stream,1,1,depth+color,-58,-58,4893,1786428278574316
cross_stream,1,1,depth+color,-58,-58,4767,1786428278607554
cross_stream,1,1,depth+color,-57,-57,4837,1786428278640870
cross_stream,1,1,depth+color,-58,-58,4918,1786428278674357
cross_stream,1,1,depth+color,-58,-58,4949,1786428278706945
cross_stream,1,1,depth+color,-58,-58,4501,1786428278740572
cross_stream,1,1,depth+color,-57,-57,4431,1786428278773994
cross_stream,1,1,depth+color,-58,-58,4996,1786428278807683
cross_stream,1,1,depth+color,-58,-59,4702,1786428278840737
cross_stream,1,1,depth+color,-58,-57,4905,1786428278874334
cross_stream,1,1,depth+color,-58,-58,5237,1786428278907586
cross_stream,1,1,depth+color,-58,-58,4576,1786428278940545
cross_stream,1,1,depth+color,-58,-59,4798,1786428278973962
cross_stream,1,1,depth+color,-58,-58,4718,1786428279007542
cross_stream,1,1,depth+color,-58,-58,4741,1786428279040615
cross_stream,1,1,depth+color,-58,-58,4826,1786428279074006
cross_stream,1,1,depth+color,-58,-59,5044,1786428279107725
cross_stream,1,1,depth+color,-58,-58,4497,1786428279140582
cross_stream,1,1,depth+color,-57,-57,4961,1786428279173979
cross_stream,1,1,depth+color,-58,-58,4798,1786428279207603
cross_stream,1,1,depth+color,-58,-58,4419,1786428279240357
cross_stream,1,1,depth+color,-57,-57,4860,1786428279273898
cross_stream,1,1,depth+color,-57,-57,4991,1786428279307120
cross_stream,1,1,depth+color,-58,-58,4838,1786428279340587
cross_stream,1,1,depth+color,-57,-57,5091,1786428279374265
cross_stream,1,1,depth+color,-58,-58,4388,1786428279407288
cross_stream,1,1,depth+color,-58,-58,5007,1786428279440891
cross_stream,1,1,depth+color,-58,-58,4970,1786428279474214
cross_stream,1,1,depth+color,-58,-58,5127,1786428279507567
cross_stream,1,1,depth+color,-57,-57,5166,1786428279541248
cross_stream,1,1,depth+color,-57,-57,4939,1786428279574159
cross_stream,1,1,depth+color,-58,-58,5065,1786428279607964
cross_stream,1,1,depth+color,-58,-58,4941,1786428279640851
cross_stream,1,1,depth+color,-58,-58,4960,1786428279674343
cross_stream,1,1,depth+color,-58,-58,4992,1786428279707650
cross_stream,1,1,depth+color,-58,-58,4759,1786428279740616
cross_stream,1,1,depth+color,-58,-58,4948,1786428279774245
cross_stream,1,1,depth+color,-57,-57,4722,1786428279807485
cross_stream,1,1,depth+color,-58,-58,4982,1786428279840865
cross_stream,1,1,depth+color,-58,-58,4959,1786428279874200
cross_stream,1,1,depth+color,-58,-58,4941,1786428279907551
cross_stream,1,1,depth+color,-57,-57,4971,1786428279941002
cross_stream,1,1,depth+color,-58,-58,4814,1786428279974113
cross_stream,1,1,depth+color,-58,-58,5256,1786428280007513
cross_stream,1,1,depth+color,-58,-58,5104,1786428280040847
cross_stream,1,1,depth+color,-58,-58,5215,1786428280074161
cross_stream,1,1,depth+color,-58,-57,5239,1786428280107518
cross_stream,1,1,depth+color,-58,-58,5384,1786428280141037
cross_stream,1,1,depth+color,-58,-58,5322,1786428280174333
cross_stream,1,1,depth+color,-58,-58,5040,1786428280207390
cross_stream,1,1,depth+color,-58,-57,5360,1786428280240980
cross_stream,1,1,depth+color,-58,-58,4754,1786428280273617
cross_stream,1,1,depth+color,-57,-57,5082,1786428280307426
cross_stream,1,1,depth+color,-58,-58,4809,1786428280340610
cross_stream,1,1,depth+color,-58,-58,5402,1786428280374130
cross_stream,1,1,depth+color,-57,-57,5120,1786428280407538
cross_stream,1,1,depth+color,-58,-58,5826,1786428280441242
cross_stream,1,1,depth+color,-58,-57,5325,1786428280473990
cross_stream,1,1,depth+color,-58,-58,4853,1786428280507052
cross_stream,1,1,depth+color,-58,-58,5217,1786428280540909
cross_stream,1,1,depth+color,-57,-56,5456,1786428280574435
cross_stream,1,1,depth+color,-58,-58,5134,1786428280607529
cross_stream,1,1,depth+color,-58,-58,5064,1786428280640933
cross_stream,1,1,depth+color,-58,-58,5291,1786428280674240
cross_stream,1,1,depth+color,-58,-57,5101,1786428280707551
cross_stream,1,1,depth+color,-58,-58,5003,1786428280740701
cross_stream,1,1,depth+color,-58,-58,4001,1786428280773899
cross_stream,1,1,depth+color,-58,-58,4951,1786428280807372
cross_stream,1,1,depth+color,-58,-57,5076,1786428280840702
cross_stream,1,1,depth+color,-57,-57,5257,1786428280874061
cross_stream,1,1,depth+color,-58,-58,5353,1786428280907373
cross_stream,1,1,depth+color,-58,-257,5094,1786428280940661
cross_stream,1,1,depth+color,-57,-58,4874,1786428280973914
cross_stream,1,1,depth+color,-57,-57,4948,1786428281007355
cross_stream,1,1,depth+color,-57,-58,4824,1786428281040508
cross_stream,1,1,depth+color,-58,-58,4930,1786428281074171
cross_stream,1,1,depth+color,-58,-57,5286,1786428281107545
cross_stream,1,1,depth+color,-58,-58,4067,1786428281140603
cross_stream,1,1,depth+color,-57,-57,5163,1786428281174404
cross_stream,1,1,depth+color,-57,-57,4889,1786428281207491
cross_stream,1,1,depth+color,-58,-58,5019,1786428281240686
cross_stream,1,1,depth+color,-58,-58,5037,1786428281273940
cross_stream,1,1,depth+color,-58,-58,4812,1786428281307124
cross_stream,1,1,depth+color,-58,-58,4521,1786428281340514
cross_stream,1,1,depth+color,-58,-58,5297,1786428281374195
cross_stream,1,1,depth+color,-58,-58,4916,1786428281407746
cross_stream,1,1,depth+color,-58,-58,5089,1786428281441051
cross_stream,1,1,depth+color,-58,-58,5180,1786428281474496
cross_stream,1,1,depth+color,-57,-57,5114,1786428281507323
cross_stream,1,1,depth+color,-58,-58,4871,1786428281540830
cross_stream,1,1,depth+color,-57,-57,4840,1786428281574500
cross_stream,1,1,depth+color,-57,-57,4699,1786428281607540
cross_stream,1,1,depth+color,-58,-58,4787,1786428281640863
cross_stream,1,1,depth+color,-57,-58,4824,1786428281674216
cross_stream,1,1,depth+color,-58,-58,4634,1786428281707360
cross_stream,1,1,depth+color,-58,-57,4880,1786428281740967
cross_stream,1,1,depth+color,-57,-57,4964,1786428281774292
cross_stream,1,1,depth+color,-58,-58,5197,1786428281807759
cross_stream,1,1,depth+color,-57,-57,5177,1786428281841020
cross_stream,1,1,depth+color,-57,-57,4770,1786428281874024
cross_stream,1,1,depth+color,-58,-58,5180,1786428281907493
cross_stream,1,1,depth+color,-58,-58,4794,1786428281940633
cross_stream,1,1,depth+color,-58,-58,4837,1786428281974050
cross_stream,1,1,depth+color,-58,-58,4262,1786428282006980
cross_stream,1,1,depth+color,-58,-59,4999,1786428282040346
cross_stream,1,1,depth+color,-57,-57,5119,1786428282074242
cross_stream,1,1,depth+color,-57,-57,4654,1786428282107170
cross_stream,1,1,depth+color,-58,-58,4473,1786428282140425
cross_stream,1,1,depth+color,-58,-58,4754,1786428282174133
cross_stream,1,1,depth+color,-58,-58,4846,1786428282207774
cross_stream,1,1,depth+color,-57,-58,5057,1786428282240905
cross_stream,1,1,depth+color,-58,-58,4743,1786428282274031
cross_stream,1,1,depth+color,-58,-58,4437,1786428282306894
cross_stream,1,1,depth+color,-58,-58,4722,1786428282374011
cross_stream,1,1,depth+color,-58,-58,5417,1786428282407386
cross_stream,1,1,depth+color,-58,-58,5466,1786428282440888
cross_stream,1,1,depth+color,-57,-57,4675,1786428282474016
cross_stream,1,1,depth+color,-58,-58,4854,1786428282507431
cross_stream,1,1,depth+color,-58,-58,4466,1786428282540856
cross_stream,1,1,depth+color,-58,-58,4189,1786428282574022
cross_stream,1,1,depth+color,-58,-58,4650,1786428282607679
cross_stream,1,1,depth+color,-58,-58,4761,1786428282640832
cross_stream,1,1,depth+color,-58,-58,38170,1786428282674241
cross_stream,1,1,depth+color,-58,-58,5002,1786428282707704
cross_stream,1,1,depth+color,-58,-59,4809,1786428282740830
cross_stream,1,1,depth+color,-57,-57,5253,1786428282774243
cross_stream,1,1,depth+color,-58,-57,4958,1786428282807549
cross_stream,1,1,depth+color,-58,-58,5033,1786428282841097
cross_stream,1,1,depth+color,-58,-58,5144,1786428282874519
cross_stream,1,1,depth+color,-58,-58,5326,1786428282907737
cross_stream,1,1,depth+color,-57,-57,4517,1786428282941077
cross_stream,1,1,depth+color,-58,-58,5371,1786428282974145
cross_stream,1,1,depth+color,-57,-57,4019,1786428283007295
cross_stream,1,1,depth+color,-58,-58,4610,1786428283040781
cross_stream,1,1,depth+color,-58,-58,5235,1786428283074619
cross_stream,1,1,depth+color,-58,-58,5020,1786428283107748
cross_stream,1,1,depth+color,-58,-58,4023,1786428283140649
cross_stream,1,1,depth+color,-58,-58,4784,1786428283174005
cross_stream,1,1,depth+color,-57,-57,4229,1786428283207277
cross_stream,1,1,depth+color,-58,-59,5186,1786428283241020
cross_stream,1,1,depth+color,-58,-58,5600,1786428283274478
cross_stream,1,1,depth+color,-58,-59,5644,1786428283307746
cross_stream,1,1,depth+color,-58,-58,4838,1786428283340712
cross_stream,1,1,depth+color,-58,-58,5259,1786428283374167
cross_stream,1,1,depth+color,-58,-58,4726,1786428283407591
cross_stream,1,1,depth+color,-57,-57,4977,1786428283440896
cross_stream,1,1,depth+color,-57,-57,4708,1786428283474273
cross_stream,1,1,depth+color,-58,-58,5257,1786428283507765
cross_stream,1,1,depth+color,-57,-57,4732,1786428283540982
cross_stream,1,1,depth+color,-58,-58,4903,1786428283573763
cross_stream,1,1,depth+color,-58,-58,4661,1786428283607543
cross_stream,1,1,depth+color,-58,-58,4511,1786428283640382
cross_stream,1,1,depth+color,-58,-59,4423,1786428283673697
cross_stream,1,1,depth+color,-58,-58,4569,1786428283707373
cross_stream,1,1,depth+color,-58,-59,4613,1786428283740828
cross_stream,1,1,depth+color,-58,-58,4852,1786428283774036
cross_stream,1,1,depth+color,-57,-58,4153,1786428283807316
cross_stream,1,1,depth+color,-57,-57,5166,1786428283840607
cross_stream,1,1,depth+color,-58,-58,4739,1786428283874225
cross_stream,1,1,depth+color,-57,-57,4371,1786428283907278
cross_stream,1,1,depth+color,-58,-58,4286,1786428283940885
cross_stream,1,1,depth+color,-57,-57,4648,1786428283974102
cross_stream,1,1,depth+color,-58,-58,4401,1786428284007359
cross_stream,1,1,depth+color,-58,-58,4815,1786428284040678
cross_stream,1,1,depth+color,-58,-58,4758,1786428284074153
cross_stream,1,1,depth+color,-57,-57,4610,1786428284107209
cross_stream,1,1,depth+color,-57,-57,4634,1786428284140299
cross_stream,1,1,depth+color,-57,-57,5046,1786428284173966
cross_stream,1,1,depth+color,-58,-58,4458,1786428284207407
cross_stream,1,1,depth+color,-58,-59,4634,1786428284240497
cross_stream,1,1,depth+color,-57,-57,4611,1786428284273748
cross_stream,1,1,depth+color,-58,-57,4381,1786428284307275
cross_stream,1,1,depth+color,-58,-58,4813,1786428284340455
cross_stream,1,1,depth+color,-58,-57,5217,1786428284373988
cross_stream,1,1,depth+color,-58,-58,4470,1786428284407118
cross_stream,1,1,depth+color,-58,-58,4522,1786428284440426
cross_stream,1,1,depth+color,-57,-57,4486,1786428284473961
cross_stream,1,1,depth+color,-58,-58,4849,1786428284507217
cross_stream,1,1,depth+color,-58,-58,4486,1786428284540370
cross_stream,1,1,depth+color,-57,-57,5280,1786428284574590
cross_stream,1,1,depth+color,-57,-57,4566,1786428284607294
cross_stream,1,1,depth+color,-58,-58,5148,1786428284640810
cross_stream,1,1,depth+color,-58,-58,4617,1786428284673960
cross_stream,1,1,depth+color,-58,-58,4767,1786428284707121
cross_stream,1,1,depth+color,-58,-58,4598,1786428284740658
cross_stream,1,1,depth+color,-58,-58,5124,1786428284774112
cross_stream,1,1,depth+color,-58,-57,4597,1786428284807287
cross_stream,1,1,depth+color,-58,-58,4393,1786428284840414
cross_stream,1,1,depth+color,-57,-56,5040,1786428284874288
cross_stream,1,1,depth+color,-57,-57,5019,1786428284907371
cross_stream,1,1,depth+color,-58,-58,4720,1786428284940269
cross_stream,1,1,depth+color,-58,-58,5137,1786428284973974
cross_stream,1,1,depth+color,-58,-58,4975,1786428285007605
cross_stream,1,1,depth+color,-58,-58,4630,1786428285040465
cross_stream,1,1,depth+color,-58,-58,4833,1786428285074058
cross_stream,1,1,depth+color,-58,-58,4568,1786428285106868
cross_stream,1,1,depth+color,-58,-58,5078,1786428285140659
cross_stream,1,1,depth+color,-57,-57,5074,1786428285174102
cross_stream,1,1,depth+color,-57,-57,4632,1786428285207306
cross_stream,1,1,depth+color,-57,-57,4980,1786428285240764
cross_stream,1,1,depth+color,-58,-58,4599,1786428285273843
cross_stream,1,1,depth+color,-57,-57,5024,1786428285306979
cross_stream,1,1,depth+color,-58,-58,5108,1786428285340650
cross_stream,1,1,depth+color,-58,-57,5111,1786428285374083
cross_stream,1,1,depth+color,-58,-58,4865,1786428285407263
cross_stream,1,1,depth+color,-57,-57,5021,1786428285440812
cross_stream,1,1,depth+color,-57,-57,4945,1786428285474173
cross_stream,1,1,depth+color,-58,-58,5313,1786428285507487
cross_stream,1,1,depth+color,-57,-57,4963,1786428285540847
cross_stream,1,1,depth+color,-57,-57,4976,1786428285574054
cross_stream,1,1,depth+color,-57,-57,4952,1786428285607321
cross_stream,1,1,depth+color,-58,-58,4513,1786428285640278
cross_stream,1,1,depth+color,-57,-57,4588,1786428285673971
cross_stream,1,1,depth+color,-58,-58,4912,1786428285707254
cross_stream,1,1,depth+color,-58,-58,4742,1786428285740631
cross_stream,1,1,depth+color,-58,-58,4742,1786428285773772
cross_stream,1,1,depth+color,-58,-58,4601,1786428285807126
cross_stream,1,1,depth+color,-57,-57,4789,1786428285840464
cross_stream,1,1,depth+color,-57,-56,4869,1786428285873638
cross_stream,1,1,depth+color,-58,-58,5413,1786428285907617
cross_stream,1,1,depth+color,-57,-56,5122,1786428285940705
cross_stream,1,1,depth+color,-58,-58,4996,1786428285973891
cross_stream,1,1,depth+color,-58,-57,5027,1786428286007395
cross_stream,1,1,depth+color,-58,-58,5167,1786428286040941
cross_stream,1,1,depth+color,-58,-58,4866,1786428286073832
cross_stream,1,1,depth+color,-58,-58,4806,1786428286107390
cross_stream,1,1,depth+color,-58,-58,4920,1786428286140665
cross_device,0,1,depth,6543,142,-484291,1786428274140132
cross_device,0,1,depth,6542,67,-453083,1786428274173481
cross_device,0,1,depth,535,-1924,36,1786428274673835
cross_device,0,1,depth,535,-1946,-29,1786428274707064
cross_device,0,1,depth,535,-1969,241,1786428274740576
cross_device,0,1,depth,535,-1991,71,1786428274773788
cross_device,0,1,depth,1515,-1259,882,1786428275140567
cross_device,0,1,depth,530,-1432,-145,1786428275940563
cross_device,0,1,depth,530,-1444,279,1786428275973856
cross_device,0,1,depth,530,-1456,545,1786428276007448
cross_device,0,1,depth,530,-1469,332,1786428276040543
cross_device,0,1,depth,530,-1482,-7,1786428276074157
cross_device,0,1,depth,529,-1495,403,1786428276107289
cross_device,0,1,depth,529,-1508,501,1786428276140702
cross_device,0,1,depth,529,-1520,-41,1786428276173897
cross_device,0,1,depth,530,-1533,338,1786428276207504
cross_device,0,1,depth,529,-1546,275,1786428276240453
cross_device,0,1,depth,529,-1558,5,1786428276273984
cross_device,0,1,depth,529,-1570,186,1786428276307015
cross_device,0,1,depth,529,-1583,158,1786428276340476
cross_device,0,1,depth,529,-1595,126,1786428276374341
cross_device,0,1,depth,529,-1607,323,1786428276407185
cross_device,0,1,depth,529,-1621,467,1786428276440668
cross_device,0,1,depth,528,-1634,362,1786428276473999
cross_device,0,1,depth,529,-1646,602,1786428276507481
cross_device,0,1,depth,529,-1658,642,1786428276540872
cross_device,0,1,depth,529,-1670,556,1786428276574533
cross_device,0,1,depth,529,-1684,335,1786428276607641
cross_device,0,1,depth,529,-1696,358,1786428276640684
cross_device,0,1,depth,528,-1709,389,1786428276674391
cross_device,0,1,depth,529,-1721,775,1786428276707586
cross_device,0,1,depth,528,-1734,182,1786428276741000
cross_device,0,1,depth,528,-1748,288,1786428276773973
cross_device,0,1,depth,528,-1760,302,1786428276807657
cross_device,0,1,depth,528,-1772,482,1786428276840834
cross_device,0,1,depth,527,-1786,499,1786428276874021
cross_device,0,1,depth,528,-1797,281,1786428276907144
cross_device,0,1,depth,527,-740,515,1786428276940725
cross_device,0,1,depth,528,-745,138,1786428276974331
cross_device,0,1,depth,527,-752,624,1786428277007511
cross_device,0,1,depth,527,-758,187,1786428277040773
cross_device,0,1,depth,527,-763,106,1786428277074215
cross_device,0,1,depth,527,-769,637,1786428277107577
cross_device,0,1,depth,527,-775,252,1786428277141070
cross_device,0,1,depth,527,-781,320,1786428277174159
cross_device,0,1,depth,527,-786,217,1786428277207473
cross_device,0,1,depth,526,-793,236,1786428277240593
cross_device,0,1,depth,527,-798,208,1786428277273830
cross_device,0,1,depth,527,-804,176,1786428277307346
cross_device,0,1,depth,526,-810,226,1786428277341169
cross_device,0,1,depth,527,-815,486,1786428277374293
cross_device,0,1,depth,526,-822,474,1786428277407694
cross_device,0,1,depth,526,-827,306,1786428277440643
cross_device,0,1,depth,526,-833,313,1786428277473959
cross_device,0,1,depth,526,-838,301,1786428277507654
cross_device,0,1,depth,526,-844,200,1786428277541112
cross_device,0,1,depth,526,-850,190,1786428277574378
cross_device,0,1,depth,526,-856,829,1786428277607682
cross_device,0,1,depth,526,-861,-285,1786428277640284
cross_device,0,1,depth,526,-867,842,1786428277674396
cross_device,0,1,depth,525,-874,492,1786428277707353
cross_device,0,1,depth,525,-880,459,1786428277740934
cross_device,0,1,depth,526,-884,535,1786428277774210
cross_device,0,1,depth,525,-891,-3,1786428277807080
cross_device,0,1,depth,525,-897,140,1786428277840514
cross_device,0,1,depth,525,-903,313,1786428277874180
cross_device,0,1,depth,525,-908,314,1786428277907311
cross_device,0,1,depth,525,-744,28,1786428277940642
cross_device,0,1,depth,525,-748,-254,1786428277973918
cross_device,0,1,depth,525,-754,-95,1786428278007214
cross_device,0,1,depth,525,-758,479,1786428278040672
cross_device,0,1,depth,525,-763,118,1786428278074185
cross_device,0,1,depth,524,-769,187,1786428278107476
cross_device,0,1,depth,524,-773,412,1786428278140624
cross_device,0,1,depth,524,-778,293,1786428278173968
cross_device,0,1,depth,525,-782,-15,1786428278207470
cross_device,0,1,depth,524,-788,132,1786428278240487
cross_device,0,1,depth,524,-793,476,1786428278273955
cross_device,0,1,depth,524,-797,84,1786428278306951
cross_device,0,1,depth,524,-802,-18,1786428278340901
cross_device,0,1,depth,524,-807,253,1786428278373857
cross_device,0,1,depth,524,-812,127,1786428278407465
cross_device,0,1,depth,524,-816,277,1786428278440620
cross_device,0,1,depth,523,-823,144,1786428278473793
cross_device,0,1,depth,523,-827,295,1786428278507316
cross_device,0,1,depth,524,-831,247,1786428278540778
cross_device,0,1,depth,523,-837,-111,1786428278574205
cross_device,0,1,depth,524,-841,1,1786428278607555
cross_device,0,1,depth,523,-847,-64,1786428278640806
cross_device,0,1,depth,523,-852,-395,1786428278673962
cross_device,0,1,depth,523,-856,191,1786428278707136
cross_device,0,1,depth,523,-861,-75,1786428278740497
cross_device,0,1,depth,522,-867,-344,1786428278773650
cross_device,0,1,depth,523,-870,-418,1786428278807265
cross_device,0,1,depth,523,-875,62,1786428278840799
cross_device,0,1,depth,523,-881,-187,1786428278874147
cross_device,0,1,depth,523,-885,-631,1786428278906955
cross_device,0,1,depth,522,-356,-64,1786428278940481
cross_device,0,1,depth,522,-358,-166,1786428278973796
cross_device,0,1,depth,522,-361,-315,1786428279007227
cross_device,0,1,depth,523,-362,-307,1786428279040308
cross_device,0,1,depth,522,-365,-275,1786428279073731
cross_device,0,1,depth,522,-367,98,1786428279107823
cross_device,0,1,depth,522,-370,-68,1786428279140514
cross_device,0,1,depth,522,-371,-104,1786428279173875
cross_device,0,1,depth,522,-373,-356,1786428279207247
cross_device,0,1,depth,522,-375,145,1786428279240502
cross_device,0,1,depth,521,-379,189,1786428279274087
cross_device,0,1,depth,521,-381,-138,1786428279306982
cross_device,0,1,depth,522,-382,386,1786428279340973
cross_device,0,1,depth,521,-386,-747,1786428279373518
cross_device,0,1,depth,521,-388,-98,1786428279407190
cross_device,0,1,depth,521,-390,-717,1786428279440174
cross_device,0,1,depth,521,-392,-689,1786428279473525
cross_device,0,1,depth,521,-395,-425,1786428279507142
cross_device,0,1,depth,520,-398,-574,1786428279540674
cross_device,0,1,depth,520,-400,-504,1786428279573655
cross_device,0,1,depth,521,-401,-371,1786428279607593
cross_device,0,1,depth,521,-403,-535,1786428279640316
cross_device,0,1,depth,521,-405,-437,1786428279673906
cross_device,0,1,depth,521,-407,-455,1786428279707195
cross_device,0,1,depth,521,-409,-228,1786428279740388
cross_device,0,1,depth,520,-412,-596,1786428279773649
cross_device,0,1,depth,520,-415,-193,1786428279807292
cross_device,0,1,depth,521,-416,-552,1786428279840313
cross_device,0,1,depth,520,-419,-574,1786428279873626
cross_device,0,1,depth,520,-422,-664,1786428279906887
cross_device,0,1,depth,519,-411,-227,1786428279940775
cross_device,0,1,depth,520,-412,31,1786428279974144
cross_device,0,1,depth,520,-414,-573,1786428280006940
cross_device,0,1,depth,520,-417,-281,1786428280040566
cross_device,0,1,depth,520,-418,-323,1786428280073838
cross_device,0,1,depth,519,-422,-603,1786428280106915
cross_device,0,1,depth,519,-424,-637,1786428280140400
cross_device,0,1,depth,519,-426,-810,1786428280173523
cross_device,0,1,depth,519,-428,-409,1786428280206981
cross_device,0,1,depth,519,-431,-786,1786428280240194
cross_device,0,1,depth,519,-432,-41,1786428280273576
cross_device,0,1,depth,518,-435,-205,1786428280307221
cross_device,0,1,depth,519,-436,-147,1786428280340463
cross_device,0,1,depth,518,-440,-565,1786428280373565
cross_device,0,1,depth,518,-442,-579,1786428280406959
cross_device,0,1,depth,519,-443,-888,1786428280440354
cross_device,0,1,depth,518,-447,-516,1786428280473474
cross_device,0,1,depth,519,-447,-238,1786428280506814
cross_device,0,1,depth,519,-449,-746,1786428280540163
cross_device,0,1,depth,518,-453,-565,1786428280573870
cross_device,0,1,depth,518,-455,-530,1786428280606999
cross_device,0,1,depth,518,-457,-532,1786428280640401
cross_device,0,1,depth,518,-459,-262,1786428280673978
cross_device,0,1,depth,518,-461,-541,1786428280707010
cross_device,0,1,depth,518,-463,-541,1786428280740160
cross_device,0,1,depth,518,-465,-49,1786428280773850
cross_device,0,1,depth,518,-467,-369,1786428280807003
cross_device,0,1,depth,518,-470,-377,1786428280840325
cross_device,0,1,depth,517,-472,-362,1786428280873699
cross_device,0,1,depth,517,-474,-360,1786428280907013
cross_device,0,1,depth,518,-276,-467,1786428280940194
cross_device,0,1,depth,517,-99,-91,1786428280973823
cross_device,0,1,depth,517,-100,-98,1786428281007257
cross_device,0,1,depth,517,-100,-176,1786428281040332
cross_device,0,1,depth,517,-101,-410,1786428281073761
cross_device,0,1,depth,517,-102,-291,1786428281107254
cross_device,0,1,depth,517,-102,213,1786428281140816
cross_device,0,1,depth,516,-104,-571,1786428281173833
cross_device,0,1,depth,516,-105,-495,1786428281206996
cross_device,0,1,depth,516,-105,-481,1786428281240205
cross_device,0,1,depth,517,-105,-309,1786428281273631
cross_device,0,1,depth,517,-105,-123,1786428281307001
cross_device,0,1,depth,516,-107,-215,1786428281340299
cross_device,0,1,depth,516,-107,-577,1786428281373618
cross_device,0,1,depth,516,-108,-606,1786428281407140
cross_device,0,1,depth,516,-108,-392,1786428281440659
cross_device,0,1,depth,516,-110,-846,1786428281473650
cross_device,0,1,depth,515,-111,-495,1786428281506828
cross_device,0,1,depth,516,-111,-523,1786428281540307
cross_device,0,1,depth,515,-112,-490,1786428281574010
cross_device,0,1,depth,515,-113,-682,1786428281606858
cross_device,0,1,depth,516,-112,-521,1786428281640342
cross_device,0,1,depth,515,-113,-593,1786428281673623
cross_device,0,1,depth,516,-113,-466,1786428281706894
cross_device,0,1,depth,515,-115,-238,1786428281740729
cross_device,0,1,depth,515,-116,-383,1786428281773909
cross_device,0,1,depth,515,-116,-364,1786428281807395
cross_device,0,1,depth,515,-117,-215,1786428281840805
cross_device,0,1,depth,514,-118,-412,1786428281873612
cross_device,0,1,depth,515,-118,-491,1786428281907002
cross_device,0,1,depth,515,-118,-318,1786428281940315
cross_device,0,1,depth,515,-119,-418,1786428281973632
cross_device,0,1,depth,514,-121,149,1786428282007129
cross_device,0,1,depth,515,-120,59,1786428282040405
cross_device,0,1,depth,514,-122,-604,1786428282073638
cross_device,0,1,depth,514,-123,-321,1786428282106849
cross_device,0,1,depth,514,-123,-275,1786428282140150
cross_device,0,1,depth,514,-124,112,1786428282174245
cross_device,0,1,depth,514,-125,-722,1786428282207052
cross_device,0,1,depth,514,-124,-568,1786428282240337
cross_device,0,1,depth,514,-126,84,1786428282274115
cross_device,0,1,depth,514,-126,243,1786428282307137
cross_device,0,1,depth,514,-127,-368,1786428282340303
cross_device,0,1,depth,514,-127,-180,1786428282373831
cross_device,0,1,depth,514,-128,-249,1786428282407137
cross_device,0,1,depth,513,-129,-413,1786428282440475
cross_device,0,1,depth,513,-130,-467,1786428282473549
cross_device,0,1,depth,513,-131,-390,1786428282507041
cross_device,0,1,depth,514,-131,-20,1786428282540836
cross_device,0,1,depth,513,-132,-170,1786428282573852
cross_device,0,1,depth,513,-133,-198,1786428282607481
cross_device,0,1,depth,513,-133,-368,1786428282640464
cross_device,0,1,depth,513,-134,-99,1786428282707605
cross_device,0,1,depth,513,-135,-178,1786428282740652
cross_device,0,1,depth,512,-137,-673,1786428282773570
cross_device,0,1,depth,512,-138,-568,1786428282806981
cross_device,0,1,depth,513,-137,-900,1786428282840197
cross_device,0,1,depth,512,-138,-168,1786428282874351
cross_device,0,1,depth,512,-139,-880,1786428282906857
cross_device,0,1,depth,512,-139,-387,1786428282940690
cross_device,0,1,depth,512,-141,52,1786428282974197
cross_device,0,1,depth,512,-140,38,1786428283007333
cross_device,0,1,depth,512,-142,-154,1786428283040627
cross_device,0,1,depth,512,-142,-650,1786428283073969
cross_device,0,1,depth,512,-143,-887,1786428283106861
cross_device,0,1,depth,512,-143,194,1786428283140843
cross_device,0,1,depth,512,-144,-279,1786428283173726
cross_device,0,1,depth,511,-145,60,1786428283207337
cross_device,0,1,depth,512,-145,-423,1786428283240597
cross_device,0,1,depth,511,-146,-937,1786428283273541
cross_device,0,1,depth,511,-147,-496,1786428283307250
cross_device,0,1,depth,511,-148,-192,1786428283340520
cross_device,0,1,depth,511,-148,-624,1786428283373543
cross_device,0,1,depth,511,-149,-679,1786428283406912
cross_device,0,1,depth,511,-149,-264,1786428283440632
cross_device,0,1,depth,510,-151,-737,1786428283473536
cross_device,0,1,depth,511,-150,-894,1786428283506871
cross_device,0,1,depth,510,-153,-771,1786428283540211
cross_device,0,1,depth,511,-152,-139,1786428283573624
cross_device,0,1,depth,511,-153,-695,1786428283606848
cross_device,0,1,depth,511,-153,-225,1786428283640157
cross_device,0,1,depth,510,-154,-48,1786428283673649
cross_device,0,1,depth,511,-154,-206,1786428283707167
cross_device,0,1,depth,510,-155,-622,1786428283740206
cross_device,0,1,depth,510,-157,-463,1786428283773573
cross_device,0,1,depth,510,-157,-420,1786428283806896
cross_device,0,1,depth,509,-159,-439,1786428283840168
cross_device,0,1,depth,510,-158,-564,1786428283873661
cross_device,0,1,depth,510,-159,-85,1786428283907193
cross_device,0,1,depth,510,-159,-688,1786428283940197
cross_device,0,1,depth,509,-161,-539,1786428283973563
cross_device,0,1,depth,510,-160,-351,1786428284007008
cross_device,0,1,depth,509,-163,-462,1786428284040216
cross_device,0,1,depth,510,-162,-213,1786428284073940
cross_device,0,1,depth,509,-164,68,1786428284107277
cross_device,0,1,depth,509,-164,73,1786428284140372
cross_device,0,1,depth,509,-165,8,1786428284173974
cross_device,0,1,depth,509,-165,248,1786428284207655
cross_device,0,1,depth,509,-165,-314,1786428284240183
cross_device,0,1,depth,508,-167,283,1786428284274031
cross_device,0,1,depth,509,-167,182,1786428284307457
cross_device,0,1,depth,508,-169,129,1786428284340584
cross_device,0,1,depth,509,-169,-129,1786428284373859
cross_device,0,1,depth,509,-169,-120,1786428284406998
cross_device,0,1,depth,508,-170,-262,1786428284440164
cross_device,0,1,depth,508,-171,-465,1786428284473496
cross_device,0,1,depth,508,-171,-240,1786428284506977
cross_device,0,1,depth,508,-173,397,1786428284540767
cross_device,0,1,depth,508,-172,-40,1786428284574550
cross_device,0,1,depth,508,-174,-297,1786428284606997
cross_device,0,1,depth,508,-174,-503,1786428284640307
cross_device,0,1,depth,508,-175,9,1786428284673969
cross_device,0,1,depth,508,-175,-136,1786428284706985
cross_device,0,1,depth,508,-176,-268,1786428284740390
cross_device,0,1,depth,507,-177,-167,1786428284773945
cross_device,0,1,depth,507,-179,16,1786428284807303
cross_device,0,1,depth,507,-179,517,1786428284840931
cross_device,0,1,depth,507,-180,-665,1786428284873623
cross_device,0,1,depth,507,-180,-108,1786428284907263
cross_device,0,1,depth,507,-180,253,1786428284940522
cross_device,0,1,depth,507,-181,401,1786428284974375
cross_device,0,1,depth,507,-181,-445,1786428285007160
cross_device,0,1,depth,507,-182,-177,1786428285040288
cross_device,0,1,depth,507,-182,224,1786428285074282
cross_device,0,1,depth,507,-184,293,1786428285107161
cross_device,0,1,depth,507,-184,-352,1786428285140307
cross_device,0,1,depth,506,-186,-385,1786428285173717
cross_device,0,1,depth,506,-186,-313,1786428285206993
cross_device,0,1,depth,506,-187,-231,1786428285240533
cross_device,0,1,depth,506,-187,-352,1786428285273491
cross_device,0,1,depth,506,-188,-62,1786428285306917
cross_device,0,1,depth,507,-188,-485,1786428285340165
cross_device,0,1,depth,506,-190,-403,1786428285373680
cross_device,0,1,depth,506,-190,-412,1786428285406851
cross_device,0,1,depth,505,-191,-83,1786428285440729
cross_device,0,1,depth,505,-192,-542,1786428285473631
cross_device,0,1,depth,506,-191,-160,1786428285507327
cross_device,0,1,depth,505,-193,-467,1786428285540380
cross_device,0,1,depth,505,-194,-65,1786428285573989
cross_device,0,1,depth,505,-195,-463,1786428285606858
cross_device,0,1,depth,505,-195,348,1786428285640626
cross_device,0,1,depth,505,-196,-316,1786428285673655
cross_device,0,1,depth,505,-196,-101,1786428285707153
cross_device,0,1,depth,505,-197,-98,1786428285740533
cross_device,0,1,depth,505,-197,-198,1786428285773574
cross_device,0,1,depth,505,-198,-272,1786428285806854
cross_device,0,1,depth,504,-199,-155,1786428285840309
cross_device,0,1,depth,505,-200,-7,1786428285873631
cross_device,0,1,depth,505,-200,12,1786428285907629
cross_device,0,1,depth,504,-202,282,1786428285940987
cross_device,0,1,depth,505,-201,-212,1786428285973679
cross_device,0,1,depth,504,-203,48,1786428286007443
cross_device,0,1,depth,505,-202,165,1786428286041106
cross_device,0,1,depth,504,-203,-178,1786428286073654
cross_device,0,1,depth,504,-205,-212,1786428286107178
cross_device,0,1,depth,504,-205,-250,1786428286140415
cross_device,0,1,color,535,-1923,482,1786428274669412
cross_device,0,1,color,535,-1946,307,1786428274703208
cross_device,0,1,color,535,-1969,207,1786428274736109
cross_device,0,1,color,535,-1991,-118,1786428274769495
cross_device,0,1,color,1515,-1259,743,1786428275135967
cross_device,0,1,color,530,-1432,59,1786428275935826
cross_device,0,1,color,530,-1444,-236,1786428275969014
cross_device,0,1,color,529,-1457,361,1786428276002931
cross_device,0,1,color,530,-1470,-92,1786428276035812
cross_device,0,1,color,530,-1481,-57,1786428276069497
cross_device,0,1,color,530,-1494,-11,1786428276102494
cross_device,0,1,color,529,-1508,269,1786428276136090
cross_device,0,1,color,530,-1519,117,1786428276169514
cross_device,0,1,color,530,-1531,-35,1786428276202628
cross_device,0,1,color,530,-1545,-25,1786428276235794
cross_device,0,1,color,530,-1557,182,1786428276269017
cross_device,0,1,color,529,-1571,89,1786428276302192
cross_device,0,1,color,529,-1583,-84,1786428276335603
cross_device,0,1,color,529,-1595,89,1786428276369024
cross_device,0,1,color,528,-1610,65,1786428276402754
cross_device,0,1,color,529,-1621,16,1786428276435853
cross_device,0,1,color,529,-1633,-31,1786428276469197
cross_device,0,1,color,529,-1646,139,1786428276502774
cross_device,0,1,color,529,-1658,184,1786428276536234
cross_device,0,1,color,528,-1672,210,1786428276569566
cross_device,0,1,color,528,-1685,29,1786428276602931
cross_device,0,1,color,528,-1697,-49,1786428276635851
cross_device,0,1,color,529,-1708,475,1786428276669384
cross_device,0,1,color,528,-1722,141,1786428276702665
cross_device,0,1,color,528,-1734,120,1786428276736214
cross_device,0,1,color,528,-1747,-31,1786428276769172
cross_device,0,1,color,528,-1760,99,1786428276803041
cross_device,0,1,color,528,-1772,-34,1786428276835838
cross_device,0,1,color,528,-1785,68,1786428276869725
cross_device,0,1,color,528,-1797,-69,1786428276902502
cross_device,0,1,color,528,-739,-272,1786428276935660
cross_device,0,1,color,527,-746,-146,1786428276968756
cross_device,0,1,color,528,-751,-94,1786428277002728
cross_device,0,1,color,528,-756,441,1786428277036205
cross_device,0,1,color,527,-763,-76,1786428277069337
cross_device,0,1,color,527,-769,21,1786428277102696
cross_device,0,1,color,527,-775,77,1786428277136189
cross_device,0,1,color,527,-780,-38,1786428277169235
cross_device,0,1,color,527,-786,-127,1786428277202723
cross_device,0,1,color,526,-793,-312,1786428277235568
cross_device,0,1,color,526,-799,-168,1786428277269107
cross_device,0,1,color,526,-805,45,1786428277302193
cross_device,0,1,color,526,-810,484,1786428277336277
cross_device,0,1,color,527,-815,-279,1786428277368622
cross_device,0,1,color,527,-821,-75,1786428277402861
cross_device,0,1,color,527,-827,-68,1786428277435813
cross_device,0,1,color,526,-832,-245,1786428277469040
cross_device,0,1,color,526,-839,-210,1786428277502300
cross_device,0,1,color,526,-844,-140,1786428277536029
cross_device,0,1,color,525,-851,-395,1786428277568864
cross_device,0,1,color,526,-856,-173,1786428277602530
cross_device,0,1,color,526,-861,-410,1786428277635563
cross_device,0,1,color,525,-868,-150,1786428277669251
cross_device,0,1,color,526,-873,287,1786428277702675
cross_device,0,1,color,525,-880,377,1786428277736220
cross_device,0,1,color,525,-886,-5,1786428277769342
cross_device,0,1,color,525,-891,155,1786428277803054
cross_device,0,1,color,525,-897,-37,1786428277835714
cross_device,0,1,color,525,-903,63,1786428277869504
cross_device,0,1,color,525,-909,59,1786428277902648
cross_device,0,1,color,525,-743,-91,1786428277936103
cross_device,0,1,color,525,-748,-35,1786428277969323
cross_device,0,1,color,524,-755,123,1786428278002595
cross_device,0,1,color,525,-758,-385,1786428278035439
cross_device,0,1,color,525,-763,-97,1786428278069354
cross_device,0,1,color,525,-768,-48,1786428278102534
cross_device,0,1,color,524,-773,138,1786428278136085
cross_device,0,1,color,524,-778,138,1786428278169534
cross_device,0,1,color,524,-783,164,1786428278202963
cross_device,0,1,color,525,-787,-10,1786428278235608
cross_device,0,1,color,524,-793,105,1786428278269363
cross_device,0,1,color,524,-798,69,1786428278302562
cross_device,0,1,color,524,-802,-36,1786428278336103
cross_device,0,1,color,523,-813,115,1786428278402881
cross_device,0,1,color,523,-818,24,1786428278435958
cross_device,0,1,color,524,-822,-44,1786428278469191
cross_device,0,1,color,523,-828,-15,1786428278502584
cross_device,0,1,color,523,-832,52,1786428278536202
cross_device,0,1,color,523,-837,-10,1786428278569413
cross_device,0,1,color,523,-841,15,1786428278602802
cross_device,0,1,color,523,-847,-50,1786428278635983
cross_device,0,1,color,523,-852,-42,1786428278669397
cross_device,0,1,color,523,-856,642,1786428278702638
cross_device,0,1,color,523,-861,-49,1786428278736022
cross_device,0,1,color,523,-866,-428,1786428278769135
cross_device,0,1,color,523,-870,94,1786428278802781
cross_device,0,1,color,523,-876,-44,1786428278835991
cross_device,0,1,color,522,-880,52,1786428278869481
cross_device,0,1,color,522,-886,-23,1786428278902326
cross_device,0,1,color,522,-356,-100,1786428278935869
cross_device,0,1,color,522,-359,-30,1786428278969134
cross_device,0,1,color,522,-361,9,1786428279002833
cross_device,0,1,color,522,-363,-56,1786428279035818
cross_device,0,1,color,522,-364,18,1786428279069198
cross_device,0,1,color,522,-368,-15,1786428279102666
cross_device,0,1,color,522,-369,64,1786428279136149
cross_device,0,1,color,522,-371,277,1786428279169295
cross_device,0,1,color,522,-373,-54,1786428279202751
cross_device,0,1,color,521,-376,-32,1786428279235906
cross_device,0,1,color,522,-378,169,1786428279269207
cross_device,0,1,color,522,-380,305,1786428279302434
cross_device,0,1,color,521,-383,284,1786428279336033
cross_device,0,1,color,522,-385,46,1786428279369220
cross_device,0,1,color,521,-388,133,1786428279403033
cross_device,0,1,color,521,-390,-20,1786428279435864
cross_device,0,1,color,521,-392,-118,1786428279469126
cross_device,0,1,color,521,-395,183,1786428279502623
cross_device,0,1,color,521,-397,-45,1786428279536037
cross_device,0,1,color,521,-399,-41,1786428279569179
cross_device,0,1,color,520,-401,18,1786428279602917
cross_device,0,1,color,521,-403,-87,1786428279635823
cross_device,0,1,color,520,-406,22,1786428279669405
cross_device,0,1,color,521,-407,-38,1786428279702620
cross_device,0,1,color,521,-409,-69,1786428279735788
cross_device,0,1,color,520,-412,145,1786428279769442
cross_device,0,1,color,521,-414,86,1786428279802849
cross_device,0,1,color,520,-417,-57,1786428279835826
cross_device,0,1,color,520,-419,-61,1786428279869180
cross_device,0,1,color,520,-422,120,1786428279902730
cross_device,0,1,color,520,-431,140,1786428279936171
cross_device,0,1,color,520,-412,-16,1786428279969283
cross_device,0,1,color,520,-414,263,1786428280002520
cross_device,0,1,color,519,-418,320,1786428280036063
cross_device,0,1,color,520,-418,-38,1786428280068908
cross_device,0,1,color,519,-421,758,1786428280103037
cross_device,0,1,color,519,-424,581,1786428280136234
cross_device,0,1,color,519,-426,237,1786428280169248
cross_device,0,1,color,519,-428,564,1786428280202914
cross_device,0,1,color,519,-430,274,1786428280235894
cross_device,0,1,color,519,-433,346,1786428280269209
cross_device,0,1,color,519,-434,213,1786428280302557
cross_device,0,1,color,518,-437,-156,1786428280335645
cross_device,0,1,color,518,-440,42,1786428280368770
cross_device,0,1,color,519,-441,689,1786428280403107
cross_device,0,1,color,519,-443,424,1786428280435840
cross_device,0,1,color,518,-445,543,1786428280469208
cross_device,0,1,color,519,-447,508,1786428280502707
cross_device,0,1,color,518,-450,350,1786428280536042
cross_device,0,1,color,519,-451,615,1786428280569594
cross_device,0,1,color,518,-455,466,1786428280602861
cross_device,0,1,color,518,-457,275,1786428280636144
cross_device,0,1,color,518,-458,582,1786428280669531
cross_device,0,1,color,517,-461,215,1786428280702665
cross_device,0,1,color,517,-464,123,1786428280735821
cross_device,0,1,color,518,-465,-5,1786428280769893
cross_device,0,1,color,518,-467,688,1786428280803109
cross_device,0,1,color,517,-470,373,1786428280835999
cross_device,0,1,color,518,-472,106,1786428280868910
cross_device,0,1,color,517,-474,522,1786428280902542
cross_device,0,1,color,517,-476,459,1786428280936026
cross_device,0,1,color,517,-100,195,1786428280969235
cross_device,0,1,color,518,-99,196,1786428281002603
cross_device,0,1,color,517,-101,20,1786428281035704
cross_device,0,1,color,517,-101,118,1786428281069359
cross_device,0,1,color,517,-101,428,1786428281102687
cross_device,0,1,color,516,-103,-330,1786428281136206
cross_device,0,1,color,517,-102,353,1786428281169594
cross_device,0,1,color,517,-104,575,1786428281203177
cross_device,0,1,color,516,-105,-1,1786428281235666
cross_device,0,1,color,516,-106,565,1786428281269468
cross_device,0,1,color,517,-105,343,1786428281302655
cross_device,0,1,color,516,-107,115,1786428281336108
cross_device,0,1,color,516,-107,274,1786428281369172
cross_device,0,1,color,516,-108,55,1786428281402885
cross_device,0,1,color,516,-109,185,1786428281436147
cross_device,0,1,color,516,-110,38,1786428281469354
cross_device,0,1,color,516,-110,396,1786428281502605
cross_device,0,1,color,516,-111,-44,1786428281535915
cross_device,0,1,color,516,-111,-774,1786428281568886
cross_device,0,1,color,516,-112,-255,1786428281602586
cross_device,0,1,color,515,-113,-384,1786428281635692
cross_device,0,1,color,516,-113,-144,1786428281669248
cross_device,0,1,color,516,-114,-372,1786428281702354
cross_device,0,1,color,515,-115,-96,1786428281735991
cross_device,0,1,color,516,-115,-335,1786428281768993
cross_device,0,1,color,515,-116,-213,1786428281802349
cross_device,0,1,color,516,-116,-189,1786428281835654
cross_device,0,1,color,515,-117,-215,1786428281869039
cross_device,0,1,color,514,-119,16,1786428281902329
cross_device,0,1,color,514,-119,143,1786428281935982
cross_device,0,1,color,515,-119,-193,1786428281969020
cross_device,0,1,color,514,-121,-118,1786428282002600
cross_device,0,1,color,514,-122,153,1786428282035500
cross_device,0,1,color,515,-121,-81,1786428282069042
cross_device,0,1,color,514,-123,33,1786428282102549
cross_device,0,1,color,514,-123,-107,1786428282135845
cross_device,0,1,color,514,-124,-418,1786428282168961
cross_device,0,1,color,514,-124,0,1786428282202928
cross_device,0,1,color,514,-126,-4,1786428282235844
cross_device,0,1,color,514,-126,-266,1786428282269022
cross_device,0,1,color,514,-126,-345,1786428282302112
cross_device,0,1,color,514,-127,-359,1786428282368930
cross_device,0,1,color,513,-129,513,1786428282402482
cross_device,0,1,color,513,-129,207,1786428282435629
cross_device,0,1,color,514,-129,257,1786428282469598
cross_device,0,1,color,513,-131,74,1786428282502651
cross_device,0,1,color,513,-132,-24,1786428282536366
cross_device,0,1,color,513,-132,-197,1786428282569636
cross_device,0,1,color,513,-133,187,1786428282603216
cross_device,0,1,color,512,-134,-134,1786428282635937
cross_device,0,1,color,513,-133,53,1786428282669128
cross_device,0,1,color,513,-134,-65,1786428282702637
cross_device,0,1,color,512,-137,163,1786428282736184
cross_device,0,1,color,513,-136,223,1786428282769213
cross_device,0,1,color,512,-137,-98,1786428282802493
cross_device,0,1,color,512,-138,-216,1786428282835848
cross_device,0,1,color,512,-138,225,1786428282869600
cross_device,0,1,color,512,-139,97,1786428282902508
cross_device,0,1,color,513,-138,-172,1786428282936388
cross_device,0,1,color,512,-140,453,1786428282969227
cross_device,0,1,color,512,-141,-104,1786428283003172
cross_device,0,1,color,512,-142,-186,1786428283035985
cross_device,0,1,color,512,-142,205,1786428283069589
cross_device,0,1,color,511,-144,-220,1786428283102508
cross_device,0,1,color,511,-144,-19,1786428283136607
cross_device,0,1,color,512,-144,-234,1786428283168987
cross_device,0,1,color,512,-144,184,1786428283203232
cross_device,0,1,color,512,-145,-193,1786428283235641
cross_device,0,1,color,511,-147,324,1786428283269202
cross_device,0,1,color,511,-148,199,1786428283302301
cross_device,0,1,color,511,-148,76,1786428283335950
cross_device,0,1,color,511,-148,-226,1786428283368682
cross_device,0,1,color,511,-149,-409,1786428283402456
cross_device,0,1,color,511,-149,-21,1786428283435898
cross_device,0,1,color,511,-150,141,1786428283469706
cross_device,0,1,color,511,-151,-110,1786428283502398
cross_device,0,1,color,511,-152,-19,1786428283536231
cross_device,0,1,color,511,-152,210,1786428283569070
cross_device,0,1,color,510,-154,-402,1786428283602480
cross_device,0,1,color,511,-153,-46,1786428283635825
cross_device,0,1,color,510,-155,-82,1786428283669192
cross_device,0,1,color,510,-155,-154,1786428283702650
cross_device,0,1,color,510,-156,-397,1786428283735818
cross_device,0,1,color,510,-156,-56,1786428283769128
cross_device,0,1,color,510,-158,-749,1786428283802414
cross_device,0,1,color,510,-158,273,1786428283835714
cross_device,0,1,color,510,-158,20,1786428283869506
cross_device,0,1,color,510,-159,-407,1786428283902500
cross_device,0,1,color,510,-159,-361,1786428283936238
cross_device,0,1,color,510,-160,-331,1786428283969123
cross_device,0,1,color,510,-161,-414,1786428284002544
cross_device,0,1,color,509,-163,-169,1786428284035694
cross_device,0,1,color,509,-163,11,1786428284069406
cross_device,0,1,color,510,-163,69,1786428284102668
cross_device,0,1,color,510,-163,-182,1786428284135483
cross_device,0,1,color,509,-165,32,1786428284168952
cross_device,0,1,color,509,-165,-220,1786428284202729
cross_device,0,1,color,509,-166,56,1786428284235919
cross_device,0,1,color,509,-166,19,1786428284269156
cross_device,0,1,color,508,-168,-222,1786428284302672
cross_device,0,1,color,508,-169,-43,1786428284335599
cross_device,0,1,color,508,-169,13,1786428284368784
cross_device,0,1,color,508,-170,25,1786428284402673
cross_device,0,1,color,508,-170,-48,1786428284435856
cross_device,0,1,color,509,-170,-252,1786428284469223
cross_device,0,1,color,508,-171,256,1786428284502624
cross_device,0,1,color,508,-172,185,1786428284536069
cross_device,0,1,color,508,-173,-107,1786428284569203
cross_device,0,1,color,508,-174,223,1786428284602951
cross_device,0,1,color,508,-174,226,1786428284635888
cross_device,0,1,color,508,-175,245,1786428284669588
cross_device,0,1,color,508,-175,403,1786428284702757
cross_device,0,1,color,508,-176,357,1786428284736417
cross_device,0,1,color,507,-178,220,1786428284769208
cross_device,0,1,color,507,-177,188,1786428284802878
cross_device,0,1,color,507,-179,-48,1786428284835973
cross_device,0,1,color,508,-178,-1,1786428284869247
cross_device,0,1,color,507,-180,151,1786428284902503
cross_device,0,1,color,507,-180,367,1786428284935916
cross_device,0,1,color,507,-181,229,1786428284969066
cross_device,0,1,color,507,-181,150,1786428285002780
cross_device,0,1,color,507,-182,45,1786428285035880
cross_device,0,1,color,507,-183,122,1786428285069347
cross_device,0,1,color,506,-185,255,1786428285102555
cross_device,0,1,color,506,-185,208,1786428285135789
cross_device,0,1,color,507,-185,0,1786428285169028
cross_device,0,1,color,507,-185,172,1786428285202846
cross_device,0,1,color,507,-186,359,1786428285236143
cross_device,0,1,color,506,-187,151,1786428285269395
cross_device,0,1,color,506,-189,127,1786428285302082
cross_device,0,1,color,506,-189,183,1786428285335725
cross_device,0,1,color,506,-189,46,1786428285369018
cross_device,0,1,color,506,-190,424,1786428285402822
cross_device,0,1,color,506,-190,97,1786428285435888
cross_device,0,1,color,506,-191,-80,1786428285469148
cross_device,0,1,color,505,-192,-47,1786428285502127
cross_device,0,1,color,506,-192,160,1786428285536044
cross_device,0,1,color,506,-192,-136,1786428285568942
cross_device,0,1,color,506,-194,438,1786428285602807
cross_device,0,1,color,505,-195,186,1786428285635951
cross_device,0,1,color,506,-195,-328,1786428285669055
cross_device,0,1,color,505,-196,347,1786428285702689
cross_device,0,1,color,505,-197,203,1786428285736092
cross_device,0,1,color,504,-198,237,1786428285769267
cross_device,0,1,color,504,-199,328,1786428285802853
cross_device,0,1,color,505,-199,238,1786428285835913
cross_device,0,1,color,505,-199,140,1786428285868909
cross_device,0,1,color,504,-201,38,1786428285902242
cross_device,0,1,color,505,-200,287,1786428285935870
cross_device,0,1,color,505,-201,-20,1786428285968875
cross_device,0,1,color,504,-202,518,1786428286002886
cross_device,0,1,color,504,-203,338,1786428286036112
cross_device,0,1,color,504,-203,84,1786428286069050
cross_device,0,1,color,504,-205,298,1786428286102882
cross_device,0,1,color,504,-205,-54,1786428286135691
